campaign_id,movie_id,channel,region,week_start,spend_usd,impressions
C00001,M0001,YouTube,North America,2025-01-06,7765,1358875
C00002,M0001,Instagram,North America,2025-01-06,6684,548088
C00003,M0001,TV,North America,2025-01-06,4434,820290
C00004,M0001,Print,North America,2025-01-06,7613,1012529
C00005,M0001,Search,North America,2025-01-06,4186,485576
C00006,M0001,Display,North America,2025-01-06,745,137825
C00007,M0001,YouTube,Europe,2025-01-06,2352,286944
C00008,M0001,Instagram,Europe,2025-01-06,4936,439304
C00009,M0001,TV,Europe,2025-01-06,3582,390438
C00010,M0001,Print,Europe,2025-01-06,2881,311148
C00011,M0001,Search,Europe,2025-01-06,7927,1418933
C00012,M0001,Display,Europe,2025-01-06,911,94744
C00013,M0001,YouTube,India,2025-01-06,2614,509730
C00014,M0001,Instagram,India,2025-01-06,7802,1139092
C00015,M0001,TV,India,2025-01-06,127,25146
C00016,M0001,Print,India,2025-01-06,296,55352
C00017,M0001,Search,India,2025-01-06,5477,624378
C00018,M0001,Display,India,2025-01-06,1804,239932
C00019,M0001,YouTube,LATAM,2025-01-06,4538,839530
C00020,M0001,Instagram,LATAM,2025-01-06,7374,1253580
C00021,M0001,TV,LATAM,2025-01-06,4820,395240
C00022,M0001,Print,LATAM,2025-01-06,1145,190070
C00023,M0001,Search,LATAM,2025-01-06,1453,241198
C00024,M0001,Display,LATAM,2025-01-06,4547,541093
C00025,M0001,YouTube,APAC,2025-01-06,2678,340106
C00026,M0001,Instagram,APAC,2025-01-06,7344,1130976
C00027,M0001,TV,APAC,2025-01-06,2633,258034
C00028,M0001,Print,APAC,2025-01-06,7574,613494
C00029,M0001,Search,APAC,2025-01-06,6467,698436
C00030,M0001,Display,APAC,2025-01-06,3634,308890
C00031,M0001,YouTube,North America,2025-01-13,4788,766080
C00032,M0001,Instagram,North America,2025-01-13,7149,722049
C00033,M0001,TV,North America,2025-01-13,6215,1211925
C00034,M0001,Print,North America,2025-01-13,2704,535392
C00035,M0001,Search,North America,2025-01-13,6831,546480
C00036,M0001,Display,North America,2025-01-13,4024,748464
C00037,M0001,YouTube,Europe,2025-01-13,2848,461376
C00038,M0001,Instagram,Europe,2025-01-13,1989,266526
C00039,M0001,TV,Europe,2025-01-13,2882,564872
C00040,M0001,Print,Europe,2025-01-13,2473,232462
C00041,M0001,Search,Europe,2025-01-13,3305,631255
C00042,M0001,Display,Europe,2025-01-13,6562,1299276
C00043,M0001,YouTube,India,2025-01-13,4533,634620
C00044,M0001,Instagram,India,2025-01-13,6743,970992
C00045,M0001,TV,India,2025-01-13,3251,513658
C00046,M0001,Print,India,2025-01-13,7444,1049604
C00047,M0001,Search,India,2025-01-13,3117,601581
C00048,M0001,Display,India,2025-01-13,355,60350
C00049,M0001,YouTube,LATAM,2025-01-13,1428,185640
C00050,M0001,Instagram,LATAM,2025-01-13,7926,1347420
C00051,M0001,TV,LATAM,2025-01-13,6524,841596
C00052,M0001,Print,LATAM,2025-01-13,7627,1311844
C00053,M0001,Search,LATAM,2025-01-13,1903,241681
C00054,M0001,Display,LATAM,2025-01-13,1154,166176
C00055,M0001,YouTube,APAC,2025-01-13,1338,255558
C00056,M0001,Instagram,APAC,2025-01-13,6630,1047540
C00057,M0001,TV,APAC,2025-01-13,6314,1168090
C00058,M0001,Print,APAC,2025-01-13,4720,533360
C00059,M0001,Search,APAC,2025-01-13,6,660
C00060,M0001,Display,APAC,2025-01-13,7667,1219053
C00061,M0001,YouTube,North America,2025-01-20,2638,319198
C00062,M0001,Instagram,North America,2025-01-20,3991,335244
C00063,M0001,TV,North America,2025-01-20,5360,728960
C00064,M0001,Print,North America,2025-01-20,6545,549780
C00065,M0001,Search,North America,2025-01-20,7443,1309968
C00066,M0001,Display,North America,2025-01-20,2126,178584
C00067,M0001,YouTube,Europe,2025-01-20,1760,322080
C00068,M0001,Instagram,Europe,2025-01-20,4520,876880
C00069,M0001,TV,Europe,2025-01-20,3747,543315
C00070,M0001,Print,Europe,2025-01-20,5380,1011440
C00071,M0001,Search,Europe,2025-01-20,7658,1278886
C00072,M0001,Display,Europe,2025-01-20,4202,739552
C00073,M0001,YouTube,India,2025-01-20,5612,785680
C00074,M0001,Instagram,India,2025-01-20,1844,315324
C00075,M0001,TV,India,2025-01-20,3255,328755
C00076,M0001,Print,India,2025-01-20,5005,475475
C00077,M0001,Search,India,2025-01-20,1506,256020
C00078,M0001,Display,India,2025-01-20,2580,291540
C00079,M0001,YouTube,LATAM,2025-01-20,1480,242720
C00080,M0001,Instagram,LATAM,2025-01-20,5706,701838
C00081,M0001,TV,LATAM,2025-01-20,863,134628
C00082,M0001,Print,LATAM,2025-01-20,3824,516240
C00083,M0001,Search,LATAM,2025-01-20,3997,363727
C00084,M0001,Display,LATAM,2025-01-20,5451,872160
C00085,M0001,YouTube,APAC,2025-01-20,7907,1518144
C00086,M0001,Instagram,APAC,2025-01-20,4914,579852
C00087,M0001,TV,APAC,2025-01-20,7789,856790
C00088,M0001,Print,APAC,2025-01-20,6523,1082818
C00089,M0001,Search,APAC,2025-01-20,4690,637840
C00090,M0001,Display,APAC,2025-01-20,3899,428890
C00091,M0001,YouTube,North America,2025-01-27,7823,876176
C00092,M0001,Instagram,North America,2025-01-27,412,42024
C00093,M0001,TV,North America,2025-01-27,354,63012
C00094,M0001,Print,North America,2025-01-27,2145,351780
C00095,M0001,Search,North America,2025-01-27,346,60896
C00096,M0001,Display,North America,2025-01-27,7289,932992
C00097,M0001,YouTube,Europe,2025-01-27,2441,341740
C00098,M0001,Instagram,Europe,2025-01-27,1584,228096
C00099,M0001,TV,Europe,2025-01-27,2219,399420
C00100,M0001,Print,Europe,2025-01-27,5265,1053000
C00101,M0001,Search,Europe,2025-01-27,605,71390
C00102,M0001,Display,Europe,2025-01-27,7521,661848
C00103,M0001,YouTube,India,2025-01-27,7198,978928
C00104,M0001,Instagram,India,2025-01-27,5812,1028724
C00105,M0001,TV,India,2025-01-27,2497,454454
C00106,M0001,Print,India,2025-01-27,7399,991466
C00107,M0001,Search,India,2025-01-27,7909,1289167
C00108,M0001,Display,India,2025-01-27,2193,335529
C00109,M0001,YouTube,LATAM,2025-01-27,5525,651950
C00110,M0001,Instagram,LATAM,2025-01-27,6815,1301665
C00111,M0001,TV,LATAM,2025-01-27,7992,1126872
C00112,M0001,Print,LATAM,2025-01-27,4432,407744
C00113,M0001,Search,LATAM,2025-01-27,3843,553392
C00114,M0001,Display,LATAM,2025-01-27,160,16800
C00115,M0001,YouTube,APAC,2025-01-27,2123,225038
C00116,M0001,Instagram,APAC,2025-01-27,1316,140812
C00117,M0001,TV,APAC,2025-01-27,5615,460430
C00118,M0001,Print,APAC,2025-01-27,5798,771134
C00119,M0001,Search,APAC,2025-01-27,7962,1329654
C00120,M0001,Display,APAC,2025-01-27,7036,1160940
C00121,M0001,YouTube,North America,2025-02-03,4746,550536
C00122,M0001,Instagram,North America,2025-02-03,4585,793205
C00123,M0001,TV,North America,2025-02-03,3174,374532
C00124,M0001,Print,North America,2025-02-03,6232,1084368
C00125,M0001,Search,North America,2025-02-03,3888,598752
C00126,M0001,Display,North America,2025-02-03,3865,572020
C00127,M0001,YouTube,Europe,2025-02-03,1929,210261
C00128,M0001,Instagram,Europe,2025-02-03,4471,384506
C00129,M0001,TV,Europe,2025-02-03,1464,190320
C00130,M0001,Print,Europe,2025-02-03,69,6141
C00131,M0001,Search,Europe,2025-02-03,5328,564768
C00132,M0001,Display,Europe,2025-02-03,6143,737160
C00133,M0001,YouTube,India,2025-02-03,5888,995072
C00134,M0001,Instagram,India,2025-02-03,633,65199
C00135,M0001,TV,India,2025-02-03,6156,781812
C00136,M0001,Print,India,2025-02-03,4893,699699
C00137,M0001,Search,India,2025-02-03,1344,258048
C00138,M0001,Display,India,2025-02-03,701,136695
C00139,M0001,YouTube,LATAM,2025-02-03,2198,186830
C00140,M0001,Instagram,LATAM,2025-02-03,1416,192576
C00141,M0001,TV,LATAM,2025-02-03,465,86025
C00142,M0001,Print,LATAM,2025-02-03,5524,961176
C00143,M0001,Search,LATAM,2025-02-03,1983,208215
C00144,M0001,Display,LATAM,2025-02-03,6578,1302444
C00145,M0001,YouTube,APAC,2025-02-03,3024,254016
C00146,M0001,Instagram,APAC,2025-02-03,4860,855360
C00147,M0001,TV,APAC,2025-02-03,3898,331330
C00148,M0001,Print,APAC,2025-02-03,3881,337647
C00149,M0001,Search,APAC,2025-02-03,1048,158248
C00150,M0001,Display,APAC,2025-02-03,1442,125454
C00151,M0001,YouTube,North America,2025-02-10,7686,968436
C00152,M0001,Instagram,North America,2025-02-10,2275,213850
C00153,M0001,TV,North America,2025-02-10,5344,539744
C00154,M0001,Print,North America,2025-02-10,6752,904768
C00155,M0001,Search,North America,2025-02-10,6758,898814
C00156,M0001,Display,North America,2025-02-10,2395,431100
C00157,M0001,YouTube,Europe,2025-02-10,3976,524832
C00158,M0001,Instagram,Europe,2025-02-10,3632,315984
C00159,M0001,TV,Europe,2025-02-10,3820,389640
C00160,M0001,Print,Europe,2025-02-10,5954,762112
C00161,M0001,Search,Europe,2025-02-10,5525,806650
C00162,M0001,Display,Europe,2025-02-10,4417,803894
C00163,M0001,YouTube,India,2025-02-10,6543,660843
C00164,M0001,Instagram,India,2025-02-10,98,18326
C00165,M0001,TV,India,2025-02-10,6180,815760
C00166,M0001,Print,India,2025-02-10,434,71610
C00167,M0001,Search,India,2025-02-10,5326,814878
C00168,M0001,Display,India,2025-02-10,1786,221464
C00169,M0001,YouTube,LATAM,2025-02-10,795,81885
C00170,M0001,Instagram,LATAM,2025-02-10,2058,397194
C00171,M0001,TV,LATAM,2025-02-10,3632,646496
C00172,M0001,Print,LATAM,2025-02-10,295,48380
C00173,M0001,Search,LATAM,2025-02-10,573,76209
C00174,M0001,Display,LATAM,2025-02-10,2222,331078
C00175,M0001,YouTube,APAC,2025-02-10,3433,370764
C00176,M0001,Instagram,APAC,2025-02-10,1666,159936
C00177,M0001,TV,APAC,2025-02-10,2841,491493
C00178,M0001,Print,APAC,2025-02-10,2376,235224
C00179,M0001,Search,APAC,2025-02-10,2022,218376
C00180,M0001,Display,APAC,2025-02-10,6167,1165563
C00181,M0001,YouTube,North America,2025-02-17,7723,1058051
C00182,M0001,Instagram,North America,2025-02-17,6948,750384
C00183,M0001,TV,North America,2025-02-17,4785,837375
C00184,M0001,Print,North America,2025-02-17,890,168210
C00185,M0001,Search,North America,2025-02-17,6500,734500
C00186,M0001,Display,North America,2025-02-17,7129,1012318
C00187,M0001,YouTube,Europe,2025-02-17,4491,538920
C00188,M0001,Instagram,Europe,2025-02-17,2800,341600
C00189,M0001,TV,Europe,2025-02-17,0,0
C00190,M0001,Print,Europe,2025-02-17,5636,1025752
C00191,M0001,Search,Europe,2025-02-17,6375,1185750
C00192,M0001,Display,Europe,2025-02-17,3195,437715
C00193,M0001,YouTube,India,2025-02-17,6509,520720
C00194,M0001,Instagram,India,2025-02-17,7482,875394
C00195,M0001,TV,India,2025-02-17,4162,657596
C00196,M0001,Print,India,2025-02-17,7737,680856
C00197,M0001,Search,India,2025-02-17,103,9888
C00198,M0001,Display,India,2025-02-17,5100,673200
C00199,M0001,YouTube,LATAM,2025-02-17,7273,647297
C00200,M0001,Instagram,LATAM,2025-02-17,6216,689976
C00201,M0001,TV,LATAM,2025-02-17,3359,644928
C00202,M0001,Print,LATAM,2025-02-17,6612,601692
C00203,M0001,Search,LATAM,2025-02-17,894,177012
C00204,M0001,Display,LATAM,2025-02-17,323,51357
C00205,M0001,YouTube,APAC,2025-02-17,1830,318420
C00206,M0001,Instagram,APAC,2025-02-17,4643,886813
C00207,M0001,TV,APAC,2025-02-17,3478,653864
C00208,M0001,Print,APAC,2025-02-17,1435,275520
C00209,M0001,Search,APAC,2025-02-17,1605,229515
C00210,M0001,Display,APAC,2025-02-17,2703,451401
C00211,M0001,YouTube,North America,2025-02-24,1166,225038
C00212,M0001,Instagram,North America,2025-02-24,766,152434
C00213,M0001,TV,North America,2025-02-24,288,25632
C00214,M0001,Print,North America,2025-02-24,2827,294008
C00215,M0001,Search,North America,2025-02-24,6066,740052
C00216,M0001,Display,North America,2025-02-24,558,107694
C00217,M0001,YouTube,Europe,2025-02-24,5344,822976
C00218,M0001,Instagram,Europe,2025-02-24,3893,743563
C00219,M0001,TV,Europe,2025-02-24,1101,171756
C00220,M0001,Print,Europe,2025-02-24,6440,985320
C00221,M0001,Search,Europe,2025-02-24,5686,574286
C00222,M0001,Display,Europe,2025-02-24,3876,593028
C00223,M0001,YouTube,India,2025-02-24,4676,832328
C00224,M0001,Instagram,India,2025-02-24,2492,294056
C00225,M0001,TV,India,2025-02-24,6423,1014834
C00226,M0001,Print,India,2025-02-24,51,6018
C00227,M0001,Search,India,2025-02-24,3141,266985
C00228,M0001,Display,India,2025-02-24,2837,278026
C00229,M0001,YouTube,LATAM,2025-02-24,3866,730674
C00230,M0001,Instagram,LATAM,2025-02-24,7114,939048
C00231,M0001,TV,LATAM,2025-02-24,7130,1040980
C00232,M0001,Print,LATAM,2025-02-24,5609,762824
C00233,M0001,Search,LATAM,2025-02-24,6979,1242262
C00234,M0001,Display,LATAM,2025-02-24,1440,260640
C00235,M0001,YouTube,APAC,2025-02-24,3069,285417
C00236,M0001,Instagram,APAC,2025-02-24,5211,474201
C00237,M0001,TV,APAC,2025-02-24,7050,613350
C00238,M0001,Print,APAC,2025-02-24,7794,989838
C00239,M0001,Search,APAC,2025-02-24,5946,1159470
C00240,M0001,Display,APAC,2025-02-24,2588,256212
C00241,M0001,YouTube,North America,2025-03-03,5309,806968
C00242,M0001,Instagram,North America,2025-03-03,3527,557266
C00243,M0001,TV,North America,2025-03-03,1412,145436
C00244,M0001,Print,North America,2025-03-03,5033,513366
C00245,M0001,Search,North America,2025-03-03,165,19140
C00246,M0001,Display,North America,2025-03-03,1356,135600
C00247,M0001,YouTube,Europe,2025-03-03,7182,696654
C00248,M0001,Instagram,Europe,2025-03-03,7214,1399516
C00249,M0001,TV,Europe,2025-03-03,429,60918
C00250,M0001,Print,Europe,2025-03-03,3510,463320
C00251,M0001,Search,Europe,2025-03-03,3261,596763
C00252,M0001,Display,Europe,2025-03-03,214,36808
C00253,M0001,YouTube,India,2025-03-03,2896,260640
C00254,M0001,Instagram,India,2025-03-03,1320,178200
C00255,M0001,TV,India,2025-03-03,2115,215730
C00256,M0001,Print,India,2025-03-03,6022,626288
C00257,M0001,Search,India,2025-03-03,4094,524032
C00258,M0001,Display,India,2025-03-03,1398,192924
C00259,M0001,YouTube,LATAM,2025-03-03,1243,140459
C00260,M0001,Instagram,LATAM,2025-03-03,3051,457650
C00261,M0001,TV,LATAM,2025-03-03,3912,336432
C00262,M0001,Print,LATAM,2025-03-03,4297,777757
C00263,M0001,Search,LATAM,2025-03-03,901,107219
C00264,M0001,Display,LATAM,2025-03-03,4494,898800
C00265,M0001,YouTube,APAC,2025-03-03,7113,910464
C00266,M0001,Instagram,APAC,2025-03-03,6034,1134392
C00267,M0001,TV,APAC,2025-03-03,4266,618570
C00268,M0001,Print,APAC,2025-03-03,5640,885480
C00269,M0001,Search,APAC,2025-03-03,643,55941
C00270,M0001,Display,APAC,2025-03-03,2669,306935
C00271,M0001,YouTube,North America,2025-03-10,840,141960
C00272,M0001,Instagram,North America,2025-03-10,6681,1035555
C00273,M0001,TV,North America,2025-03-10,3481,362024
C00274,M0001,Print,North America,2025-03-10,3890,478470
C00275,M0001,Search,North America,2025-03-10,2137,363290
C00276,M0001,Display,North America,2025-03-10,6612,694260
C00277,M0001,YouTube,Europe,2025-03-10,4539,426666
C00278,M0001,Instagram,Europe,2025-03-10,1583,144053
C00279,M0001,TV,Europe,2025-03-10,7856,659904
C00280,M0001,Print,Europe,2025-03-10,6111,837207
C00281,M0001,Search,Europe,2025-03-10,3694,712942
C00282,M0001,Display,Europe,2025-03-10,3059,324254
C00283,M0001,YouTube,India,2025-03-10,3367,427609
C00284,M0001,Instagram,India,2025-03-10,7193,1345091
C00285,M0001,TV,India,2025-03-10,2557,470488
C00286,M0001,Print,India,2025-03-10,673,131908
C00287,M0001,Search,India,2025-03-10,5939,1181861
C00288,M0001,Display,India,2025-03-10,5157,964359
C00289,M0001,YouTube,LATAM,2025-03-10,6393,1176312
C00290,M0001,Instagram,LATAM,2025-03-10,6238,848368
C00291,M0001,TV,LATAM,2025-03-10,3349,428672
C00292,M0001,Print,LATAM,2025-03-10,5070,760500
C00293,M0001,Search,LATAM,2025-03-10,7287,1202355
C00294,M0001,Display,LATAM,2025-03-10,3693,517020
C00295,M0001,YouTube,APAC,2025-03-10,6379,695311
C00296,M0001,Instagram,APAC,2025-03-10,4774,510818
C00297,M0001,TV,APAC,2025-03-10,2185,301530
C00298,M0001,Print,APAC,2025-03-10,6304,762784
C00299,M0001,Search,APAC,2025-03-10,2227,420903
C00300,M0001,Display,APAC,2025-03-10,5823,954972
C00301,M0001,YouTube,North America,2025-03-17,7052,1368088
C00302,M0001,Instagram,North America,2025-03-17,2770,462590
C00303,M0001,TV,North America,2025-03-17,3794,413546
C00304,M0001,Print,North America,2025-03-17,4490,556760
C00305,M0001,Search,North America,2025-03-17,7362,1155834
C00306,M0001,Display,North America,2025-03-17,7899,821496
C00307,M0001,YouTube,Europe,2025-03-17,6820,627440
C00308,M0001,Instagram,Europe,2025-03-17,7147,671818
C00309,M0001,TV,Europe,2025-03-17,812,64960
C00310,M0001,Print,Europe,2025-03-17,7527,684957
C00311,M0001,Search,Europe,2025-03-17,3906,652302
C00312,M0001,Display,Europe,2025-03-17,1285,210740
C00313,M0001,YouTube,India,2025-03-17,4158,740124
C00314,M0001,Instagram,India,2025-03-17,5170,920260
C00315,M0001,TV,India,2025-03-17,5096,448448
C00316,M0001,Print,India,2025-03-17,3600,360000
C00317,M0001,Search,India,2025-03-17,2658,441228
C00318,M0001,Display,India,2025-03-17,7605,1376505
C00319,M0001,YouTube,LATAM,2025-03-17,2433,245733
C00320,M0001,Instagram,LATAM,2025-03-17,2868,530580
C00321,M0001,TV,LATAM,2025-03-17,1554,268842
C00322,M0001,Print,LATAM,2025-03-17,1903,175076
C00323,M0001,Search,LATAM,2025-03-17,2506,451080
C00324,M0001,Display,LATAM,2025-03-17,6124,514416
C00325,M0001,YouTube,APAC,2025-03-17,3593,312591
C00326,M0001,Instagram,APAC,2025-03-17,7608,1209672
C00327,M0001,TV,APAC,2025-03-17,7519,1458686
C00328,M0001,Print,APAC,2025-03-17,4348,852208
C00329,M0001,Search,APAC,2025-03-17,5384,516864
C00330,M0001,Display,APAC,2025-03-17,6394,703340
C00331,M0001,YouTube,North America,2025-03-24,5736,688320
C00332,M0001,Instagram,North America,2025-03-24,58,8178
C00333,M0001,TV,North America,2025-03-24,3705,337155
C00334,M0001,Print,North America,2025-03-24,5037,1002363
C00335,M0001,Search,North America,2025-03-24,7880,827400
C00336,M0001,Display,North America,2025-03-24,7228,823992
C00337,M0001,YouTube,Europe,2025-03-24,836,73568
C00338,M0001,Instagram,Europe,2025-03-24,7038,1168308
C00339,M0001,TV,Europe,2025-03-24,357,36414
C00340,M0001,Print,Europe,2025-03-24,7519,774457
C00341,M0001,Search,Europe,2025-03-24,5756,661940
C00342,M0001,Display,Europe,2025-03-24,5724,1116180
C00343,M0001,YouTube,India,2025-03-24,413,40474
C00344,M0001,Instagram,India,2025-03-24,6109,1038530
C00345,M0001,TV,India,2025-03-24,2903,461577
C00346,M0001,Print,India,2025-03-24,7201,1440200
C00347,M0001,Search,India,2025-03-24,2825,463300
C00348,M0001,Display,India,2025-03-24,5350,674100
C00349,M0001,YouTube,LATAM,2025-03-24,6435,990990
C00350,M0001,Instagram,LATAM,2025-03-24,344,42656
C00351,M0001,TV,LATAM,2025-03-24,7520,676800
C00352,M0001,Print,LATAM,2025-03-24,2359,441133
C00353,M0001,Search,LATAM,2025-03-24,7205,1368950
C00354,M0001,Display,LATAM,2025-03-24,5618,646070
C00355,M0001,YouTube,APAC,2025-03-24,3702,577512
C00356,M0001,Instagram,APAC,2025-03-24,3220,582820
C00357,M0001,TV,APAC,2025-03-24,4323,540375
C00358,M0001,Print,APAC,2025-03-24,3061,584651
C00359,M0001,Search,APAC,2025-03-24,4236,398184
C00360,M0001,Display,APAC,2025-03-24,4472,818376
C00361,M0001,YouTube,North America,2025-03-31,4899,602577
C00362,M0001,Instagram,North America,2025-03-31,1263,121248
C00363,M0001,TV,North America,2025-03-31,5180,890960
C00364,M0001,Print,North America,2025-03-31,957,168432
C00365,M0001,Search,North America,2025-03-31,6665,919770
C00366,M0001,Display,North America,2025-03-31,6994,1174992
C00367,M0001,YouTube,Europe,2025-03-31,569,106972
C00368,M0001,Instagram,Europe,2025-03-31,6929,658255
C00369,M0001,TV,Europe,2025-03-31,3548,283840
C00370,M0001,Print,Europe,2025-03-31,7434,1063062
C00371,M0001,Search,Europe,2025-03-31,4189,682807
C00372,M0001,Display,Europe,2025-03-31,5252,1008384
C00373,M0001,YouTube,India,2025-03-31,3196,313208
C00374,M0001,Instagram,India,2025-03-31,1104,143520
C00375,M0001,TV,India,2025-03-31,5552,455264
C00376,M0001,Print,India,2025-03-31,6269,858853
C00377,M0001,Search,India,2025-03-31,1991,272767
C00378,M0001,Display,India,2025-03-31,5130,805410
C00379,M0001,YouTube,LATAM,2025-03-31,7541,1395085
C00380,M0001,Instagram,LATAM,2025-03-31,7939,905046
C00381,M0001,TV,LATAM,2025-03-31,7962,1250034
C00382,M0001,Print,LATAM,2025-03-31,6506,539998
C00383,M0001,Search,LATAM,2025-03-31,6322,568980
C00384,M0001,Display,LATAM,2025-03-31,164,17712
C00385,M0001,YouTube,APAC,2025-03-31,4237,838926
C00386,M0001,Instagram,APAC,2025-03-31,1850,310800
C00387,M0001,TV,APAC,2025-03-31,7636,977408
C00388,M0001,Print,APAC,2025-03-31,2726,381640
C00389,M0001,Search,APAC,2025-03-31,1844,200996
C00390,M0001,Display,APAC,2025-03-31,7788,950136
C00391,M0001,YouTube,North America,2025-04-07,4070,362230
C00392,M0001,Instagram,North America,2025-04-07,6639,564315
C00393,M0001,TV,North America,2025-04-07,7420,1357860
C00394,M0001,Print,North America,2025-04-07,3416,645624
C00395,M0001,Search,North America,2025-04-07,5080,767080
C00396,M0001,Display,North America,2025-04-07,3610,415150
C00397,M0001,YouTube,Europe,2025-04-07,4713,490152
C00398,M0001,Instagram,Europe,2025-04-07,7687,1068493
C00399,M0001,TV,Europe,2025-04-07,2216,232680
C00400,M0001,Print,Europe,2025-04-07,6034,1206800
C00401,M0001,Search,Europe,2025-04-07,4754,884244
C00402,M0001,Display,Europe,2025-04-07,999,146853
C00403,M0001,YouTube,India,2025-04-07,3328,579072
C00404,M0001,Instagram,India,2025-04-07,2051,381486
C00405,M0001,TV,India,2025-04-07,4214,459326
C00406,M0001,Print,India,2025-04-07,4166,491588
C00407,M0001,Search,India,2025-04-07,6062,969920
C00408,M0001,Display,India,2025-04-07,4691,684886
C00409,M0001,YouTube,LATAM,2025-04-07,5055,788580
C00410,M0001,Instagram,LATAM,2025-04-07,4847,455618
C00411,M0001,TV,LATAM,2025-04-07,6551,615794
C00412,M0001,Print,LATAM,2025-04-07,6728,760264
C00413,M0001,Search,LATAM,2025-04-07,1948,358432
C00414,M0001,Display,LATAM,2025-04-07,3521,552797
C00415,M0001,YouTube,APAC,2025-04-07,5872,1068704
C00416,M0001,Instagram,APAC,2025-04-07,451,44649
C00417,M0001,TV,APAC,2025-04-07,7853,1342863
C00418,M0001,Print,APAC,2025-04-07,1881,280269
C00419,M0001,Search,APAC,2025-04-07,1247,157122
C00420,M0001,Display,APAC,2025-04-07,6517,1049237
C00421,M0001,YouTube,North America,2025-04-14,5629,551642
C00422,M0001,Instagram,North America,2025-04-14,147,20433
C00423,M0001,TV,North America,2025-04-14,163,13366
C00424,M0001,Print,North America,2025-04-14,5180,637140
C00425,M0001,Search,North America,2025-04-14,2853,533511
C00426,M0001,Display,North America,2025-04-14,4378,560384
C00427,M0001,YouTube,Europe,2025-04-14,7548,701964
C00428,M0001,Instagram,Europe,2025-04-14,6716,611156
C00429,M0001,TV,Europe,2025-04-14,3553,692835
C00430,M0001,Print,Europe,2025-04-14,3411,480951
C00431,M0001,Search,Europe,2025-04-14,6962,654428
C00432,M0001,Display,Europe,2025-04-14,2315,187515
C00433,M0001,YouTube,India,2025-04-14,7459,1200899
C00434,M0001,Instagram,India,2025-04-14,4250,556750
C00435,M0001,TV,India,2025-04-14,5342,737196
C00436,M0001,Print,India,2025-04-14,6977,1095389
C00437,M0001,Search,India,2025-04-14,5166,521766
C00438,M0001,Display,India,2025-04-14,319,25520
C00439,M0001,YouTube,LATAM,2025-04-14,671,130845
C00440,M0001,Instagram,LATAM,2025-04-14,5483,690858
C00441,M0001,TV,LATAM,2025-04-14,3863,548546
C00442,M0001,Print,LATAM,2025-04-14,1367,177710
C00443,M0001,Search,LATAM,2025-04-14,2536,426048
C00444,M0001,Display,LATAM,2025-04-14,5642,1038128
C00445,M0001,YouTube,APAC,2025-04-14,5057,864747
C00446,M0001,Instagram,APAC,2025-04-14,986,159732
C00447,M0001,TV,APAC,2025-04-14,3577,439971
C00448,M0001,Print,APAC,2025-04-14,4157,399072
C00449,M0001,Search,APAC,2025-04-14,7531,1189898
C00450,M0001,Display,APAC,2025-04-14,6969,759621
C00451,M0001,YouTube,North America,2025-04-21,2544,419760
C00452,M0001,Instagram,North America,2025-04-21,841,121945
C00453,M0001,TV,North America,2025-04-21,4273,517033
C00454,M0001,Print,North America,2025-04-21,552,50784
C00455,M0001,Search,North America,2025-04-21,3184,331136
C00456,M0001,Display,North America,2025-04-21,7442,1376770
C00457,M0001,YouTube,Europe,2025-04-21,13,2418
C00458,M0001,Instagram,Europe,2025-04-21,6175,506350
C00459,M0001,TV,Europe,2025-04-21,7892,1302180
C00460,M0001,Print,Europe,2025-04-21,3181,353091
C00461,M0001,Search,Europe,2025-04-21,5139,590985
C00462,M0001,Display,Europe,2025-04-21,4748,621988
C00463,M0001,YouTube,India,2025-04-21,5388,991392
C00464,M0001,Instagram,India,2025-04-21,6643,571298
C00465,M0001,TV,India,2025-04-21,781,143704
C00466,M0001,Print,India,2025-04-21,3691,734509
C00467,M0001,Search,India,2025-04-21,6652,685156
C00468,M0001,Display,India,2025-04-21,1124,223676
C00469,M0001,YouTube,LATAM,2025-04-21,1590,144690
C00470,M0001,Instagram,LATAM,2025-04-21,1513,127092
C00471,M0001,TV,LATAM,2025-04-21,6819,763728
C00472,M0001,Print,LATAM,2025-04-21,2247,253911
C00473,M0001,Search,LATAM,2025-04-21,5568,1108032
C00474,M0001,Display,LATAM,2025-04-21,2938,572910
C00475,M0001,YouTube,APAC,2025-04-21,851,88504
C00476,M0001,Instagram,APAC,2025-04-21,291,49179
C00477,M0001,TV,APAC,2025-04-21,7931,674135
C00478,M0001,Print,APAC,2025-04-21,5368,789096
C00479,M0001,Search,APAC,2025-04-21,5547,1015101
C00480,M0001,Display,APAC,2025-04-21,4032,395136
C00481,M0001,YouTube,North America,2025-04-28,2479,379287
C00482,M0001,Instagram,North America,2025-04-28,5108,720228
C00483,M0001,TV,North America,2025-04-28,1916,157112
C00484,M0001,Print,North America,2025-04-28,7994,1478890
C00485,M0001,Search,North America,2025-04-28,2373,374934
C00486,M0001,Display,North America,2025-04-28,5301,455886
C00487,M0001,YouTube,Europe,2025-04-28,1470,239610
C00488,M0001,Instagram,Europe,2025-04-28,7770,839160
C00489,M0001,TV,Europe,2025-04-28,4511,433056
C00490,M0001,Print,Europe,2025-04-28,7493,1258824
C00491,M0001,Search,Europe,2025-04-28,6999,1343808
C00492,M0001,Display,Europe,2025-04-28,4993,534251
C00493,M0001,YouTube,India,2025-04-28,4965,943350
C00494,M0001,Instagram,India,2025-04-28,6633,1008216
C00495,M0001,TV,India,2025-04-28,4124,808304
C00496,M0001,Print,India,2025-04-28,6035,706095
C00497,M0001,Search,India,2025-04-28,3000,303000
C00498,M0001,Display,India,2025-04-28,3500,455000
C00499,M0001,YouTube,LATAM,2025-04-28,4706,437658
C00500,M0001,Instagram,LATAM,2025-04-28,1875,286875
C00501,M0001,TV,LATAM,2025-04-28,7485,711075
C00502,M0001,Print,LATAM,2025-04-28,3782,306342
C00503,M0001,Search,LATAM,2025-04-28,7510,1411880
C00504,M0001,Display,LATAM,2025-04-28,5091,677103
C00505,M0001,YouTube,APAC,2025-04-28,6425,809550
C00506,M0001,Instagram,APAC,2025-04-28,6711,617412
C00507,M0001,TV,APAC,2025-04-28,7299,978066
C00508,M0001,Print,APAC,2025-04-28,6489,1245888
C00509,M0001,Search,APAC,2025-04-28,7760,1164000
C00510,M0001,Display,APAC,2025-04-28,1882,159970
C00511,M0001,YouTube,North America,2025-05-05,7931,682066
C00512,M0001,Instagram,North America,2025-05-05,7916,878676
C00513,M0001,TV,North America,2025-05-05,1644,279480
C00514,M0001,Print,North America,2025-05-05,2572,223764
C00515,M0001,Search,North America,2025-05-05,564,53016
C00516,M0001,Display,North America,2025-05-05,6783,562989
C00517,M0001,YouTube,Europe,2025-05-05,1791,268650
C00518,M0001,Instagram,Europe,2025-05-05,2013,233508
C00519,M0001,TV,Europe,2025-05-05,6144,718848
C00520,M0001,Print,Europe,2025-05-05,7513,1495087
C00521,M0001,Search,Europe,2025-05-05,6456,1265376
C00522,M0001,Display,Europe,2025-05-05,4080,510000
C00523,M0001,YouTube,India,2025-05-05,5236,994840
C00524,M0001,Instagram,India,2025-05-05,7829,915993
C00525,M0001,TV,India,2025-05-05,5705,952735
C00526,M0001,Print,India,2025-05-05,7621,1303191
C00527,M0001,Search,India,2025-05-05,2585,390335
C00528,M0001,Display,India,2025-05-05,3640,476840
C00529,M0001,YouTube,LATAM,2025-05-05,613,117083
C00530,M0001,Instagram,LATAM,2025-05-05,248,33976
C00531,M0001,TV,LATAM,2025-05-05,6314,1161776
C00532,M0001,Print,LATAM,2025-05-05,5590,866450
C00533,M0001,Search,LATAM,2025-05-05,2111,394757
C00534,M0001,Display,LATAM,2025-05-05,4086,523008
C00535,M0001,YouTube,APAC,2025-05-05,7753,1403293
C00536,M0001,Instagram,APAC,2025-05-05,2265,425820
C00537,M0001,TV,APAC,2025-05-05,1281,193431
C00538,M0001,Print,APAC,2025-05-05,4783,655271
C00539,M0001,Search,APAC,2025-05-05,1318,226696
C00540,M0001,Display,APAC,2025-05-05,3140,260620
C00541,M0001,YouTube,North America,2025-05-12,1011,143562
C00542,M0001,Instagram,North America,2025-05-12,827,152995
C00543,M0001,TV,North America,2025-05-12,6745,1234335
C00544,M0001,Print,North America,2025-05-12,1560,157560
C00545,M0001,Search,North America,2025-05-12,5806,476092
C00546,M0001,Display,North America,2025-05-12,4701,601728
C00547,M0001,YouTube,Europe,2025-05-12,6426,1214514
C00548,M0001,Instagram,Europe,2025-05-12,7806,694734
C00549,M0001,TV,Europe,2025-05-12,2517,221496
C00550,M0001,Print,Europe,2025-05-12,656,96432
C00551,M0001,Search,Europe,2025-05-12,4512,618144
C00552,M0001,Display,Europe,2025-05-12,1976,393224
C00553,M0001,YouTube,India,2025-05-12,1294,170808
C00554,M0001,Instagram,India,2025-05-12,1537,130645
C00555,M0001,TV,India,2025-05-12,6134,993708
C00556,M0001,Print,India,2025-05-12,7087,992180
C00557,M0001,Search,India,2025-05-12,3526,387860
C00558,M0001,Display,India,2025-05-12,4932,601704
C00559,M0001,YouTube,LATAM,2025-05-12,7448,1102304
C00560,M0001,Instagram,LATAM,2025-05-12,4625,744625
C00561,M0001,TV,LATAM,2025-05-12,4830,724500
C00562,M0001,Print,LATAM,2025-05-12,199,26069
C00563,M0001,Search,LATAM,2025-05-12,6119,1064706
C00564,M0001,Display,LATAM,2025-05-12,4562,588498
C00565,M0001,YouTube,APAC,2025-05-12,6001,612102
C00566,M0001,Instagram,APAC,2025-05-12,5053,712473
C00567,M0001,TV,APAC,2025-05-12,5399,556097
C00568,M0001,Print,APAC,2025-05-12,6666,619938
C00569,M0001,Search,APAC,2025-05-12,5028,844704
C00570,M0001,Display,APAC,2025-05-12,316,49612
C00571,M0001,YouTube,North America,2025-05-19,5894,671916
C00572,M0001,Instagram,North America,2025-05-19,700,58100
C00573,M0001,TV,North America,2025-05-19,5154,422628
C00574,M0001,Print,North America,2025-05-19,6127,612700
C00575,M0001,Search,North America,2025-05-19,6888,695688
C00576,M0001,Display,North America,2025-05-19,995,98505
C00577,M0001,YouTube,Europe,2025-05-19,4910,790510
C00578,M0001,Instagram,Europe,2025-05-19,4658,544986
C00579,M0001,TV,Europe,2025-05-19,356,48060
C00580,M0001,Print,Europe,2025-05-19,5765,841690
C00581,M0001,Search,Europe,2025-05-19,6873,927855
C00582,M0001,Display,Europe,2025-05-19,3091,593472
C00583,M0001,YouTube,India,2025-05-19,4309,598951
C00584,M0001,Instagram,India,2025-05-19,818,149694
C00585,M0001,TV,India,2025-05-19,7167,1318728
C00586,M0001,Print,India,2025-05-19,7972,733424
C00587,M0001,Search,India,2025-05-19,3053,595335
C00588,M0001,Display,India,2025-05-19,1100,199100
C00589,M0001,YouTube,LATAM,2025-05-19,2207,355327
C00590,M0001,Instagram,LATAM,2025-05-19,3076,396804
C00591,M0001,TV,LATAM,2025-05-19,970,79540
C00592,M0001,Print,LATAM,2025-05-19,4358,745218
C00593,M0001,Search,LATAM,2025-05-19,524,78600
C00594,M0001,Display,LATAM,2025-05-19,2256,259440
C00595,M0001,YouTube,APAC,2025-05-19,3645,659745
C00596,M0001,Instagram,APAC,2025-05-19,4736,520960
C00597,M0001,TV,APAC,2025-05-19,5702,587306
C00598,M0001,Print,APAC,2025-05-19,868,168392
C00599,M0001,Search,APAC,2025-05-19,5492,1059956
C00600,M0001,Display,APAC,2025-05-19,3772,686504
C00601,M0001,YouTube,North America,2025-05-26,7132,1290892
C00602,M0001,Instagram,North America,2025-05-26,6743,849618
C00603,M0001,TV,North America,2025-05-26,6708,677508
C00604,M0001,Print,North America,2025-05-26,7010,988410
C00605,M0001,Search,North America,2025-05-26,6989,594065
C00606,M0001,Display,North America,2025-05-26,7275,1025775
C00607,M0001,YouTube,Europe,2025-05-26,2423,273799
C00608,M0001,Instagram,Europe,2025-05-26,6854,1110348
C00609,M0001,TV,Europe,2025-05-26,7792,989584
C00610,M0001,Print,Europe,2025-05-26,2341,292625
C00611,M0001,Search,Europe,2025-05-26,5209,968874
C00612,M0001,Display,Europe,2025-05-26,4432,664800
C00613,M0001,YouTube,India,2025-05-26,1469,163059
C00614,M0001,Instagram,India,2025-05-26,4057,661291
C00615,M0001,TV,India,2025-05-26,5983,723943
C00616,M0001,Print,India,2025-05-26,5420,796740
C00617,M0001,Search,India,2025-05-26,5032,467976
C00618,M0001,Display,India,2025-05-26,972,184680
C00619,M0001,YouTube,LATAM,2025-05-26,6216,1199688
C00620,M0001,Instagram,LATAM,2025-05-26,5245,812975
C00621,M0001,TV,LATAM,2025-05-26,51,9129
C00622,M0001,Print,LATAM,2025-05-26,3928,388872
C00623,M0001,Search,LATAM,2025-05-26,361,29241
C00624,M0001,Display,LATAM,2025-05-26,6277,1161245
C00625,M0001,YouTube,APAC,2025-05-26,6834,984096
C00626,M0001,Instagram,APAC,2025-05-26,27,4698
C00627,M0001,TV,APAC,2025-05-26,6682,1155986
C00628,M0001,Print,APAC,2025-05-26,1900,216600
C00629,M0001,Search,APAC,2025-05-26,920,118680
C00630,M0001,Display,APAC,2025-05-26,2093,295113
C00631,M0001,YouTube,North America,2025-06-02,1557,260019
C00632,M0001,Instagram,North America,2025-06-02,7116,996240
C00633,M0001,TV,North America,2025-06-02,2435,379860
C00634,M0001,Print,North America,2025-06-02,2982,259434
C00635,M0001,Search,North America,2025-06-02,5459,917112
C00636,M0001,Display,North America,2025-06-02,2486,320694
C00637,M0001,YouTube,Europe,2025-06-02,1714,284524
C00638,M0001,Instagram,Europe,2025-06-02,3014,421960
C00639,M0001,TV,Europe,2025-06-02,6789,991194
C00640,M0001,Print,Europe,2025-06-02,7794,1036602
C00641,M0001,Search,Europe,2025-06-02,7243,651870
C00642,M0001,Display,Europe,2025-06-02,3200,556800
C00643,M0001,YouTube,India,2025-06-02,6388,1143452
C00644,M0001,Instagram,India,2025-06-02,382,46986
C00645,M0001,TV,India,2025-06-02,4990,653690
C00646,M0001,Print,India,2025-06-02,4718,787906
C00647,M0001,Search,India,2025-06-02,4007,524917
C00648,M0001,Display,India,2025-06-02,4523,474915
C00649,M0001,YouTube,LATAM,2025-06-02,3368,488360
C00650,M0001,Instagram,LATAM,2025-06-02,2350,296100
C00651,M0001,TV,LATAM,2025-06-02,1008,97776
C00652,M0001,Print,LATAM,2025-06-02,240,30960
C00653,M0001,Search,LATAM,2025-06-02,3911,363723
C00654,M0001,Display,LATAM,2025-06-02,6130,1170830
C00655,M0001,YouTube,APAC,2025-06-02,2965,257955
C00656,M0001,Instagram,APAC,2025-06-02,3023,580416
C00657,M0001,TV,APAC,2025-06-02,697,123369
C00658,M0001,Print,APAC,2025-06-02,5168,449616
C00659,M0001,Search,APAC,2025-06-02,950,84550
C00660,M0001,Display,APAC,2025-06-02,6514,1113894
C00661,M0001,YouTube,North America,2025-06-09,4192,519808
C00662,M0001,Instagram,North America,2025-06-09,3045,264915
C00663,M0001,TV,North America,2025-06-09,7719,679272
C00664,M0001,Print,North America,2025-06-09,1724,213776
C00665,M0001,Search,North America,2025-06-09,1981,172347
C00666,M0001,Display,North America,2025-06-09,5827,850742
C00667,M0001,YouTube,Europe,2025-06-09,6692,1030568
C00668,M0001,Instagram,Europe,2025-06-09,3948,331632
C00669,M0001,TV,Europe,2025-06-09,4844,896140
C00670,M0001,Print,Europe,2025-06-09,7660,620460
C00671,M0001,Search,Europe,2025-06-09,3467,662197
C00672,M0001,Display,Europe,2025-06-09,1393,260491
C00673,M0001,YouTube,India,2025-06-09,6112,733440
C00674,M0001,Instagram,India,2025-06-09,3697,658066
C00675,M0001,TV,India,2025-06-09,3282,423378
C00676,M0001,Print,India,2025-06-09,3487,547459
C00677,M0001,Search,India,2025-06-09,1154,205412
C00678,M0001,Display,India,2025-06-09,5409,822168
C00679,M0001,YouTube,LATAM,2025-06-09,398,45770
C00680,M0001,Instagram,LATAM,2025-06-09,2338,224448
C00681,M0001,TV,LATAM,2025-06-09,1822,337070
C00682,M0001,Print,LATAM,2025-06-09,6636,902496
C00683,M0001,Search,LATAM,2025-06-09,2589,310680
C00684,M0001,Display,LATAM,2025-06-09,4461,521937
C00685,M0001,YouTube,APAC,2025-06-09,5987,987855
C00686,M0001,Instagram,APAC,2025-06-09,1522,232866
C00687,M0001,TV,APAC,2025-06-09,4620,882420
C00688,M0001,Print,APAC,2025-06-09,5075,669900
C00689,M0001,Search,APAC,2025-06-09,4577,535509
C00690,M0001,Display,APAC,2025-06-09,4373,367332
C00691,M0001,YouTube,North America,2025-06-16,2022,204222
C00692,M0001,Instagram,North America,2025-06-16,6994,671424
C00693,M0001,TV,North America,2025-06-16,929,139350
C00694,M0001,Print,North America,2025-06-16,5305,1018560
C00695,M0001,Search,North America,2025-06-16,1023,121737
C00696,M0001,Display,North America,2025-06-16,4042,606300
C00697,M0001,YouTube,Europe,2025-06-16,4341,355962
C00698,M0001,Instagram,Europe,2025-06-16,2159,282829
C00699,M0001,TV,Europe,2025-06-16,2016,233856
C00700,M0001,Print,Europe,2025-06-16,4301,795685
C00701,M0001,Search,Europe,2025-06-16,3212,565312
C00702,M0001,Display,Europe,2025-06-16,7947,1231785
C00703,M0001,YouTube,India,2025-06-16,6646,810812
C00704,M0001,Instagram,India,2025-06-16,4131,632043
C00705,M0001,TV,India,2025-06-16,6869,1263896
C00706,M0001,Print,India,2025-06-16,1553,172383
C00707,M0001,Search,India,2025-06-16,4200,470400
C00708,M0001,Display,India,2025-06-16,2601,364140
C00709,M0001,YouTube,LATAM,2025-06-16,5805,1062315
C00710,M0001,Instagram,LATAM,2025-06-16,6471,782991
C00711,M0001,TV,LATAM,2025-06-16,261,47763
C00712,M0001,Print,LATAM,2025-06-16,3416,290360
C00713,M0001,Search,LATAM,2025-06-16,5778,1149822
C00714,M0001,Display,LATAM,2025-06-16,3469,631358
C00715,M0001,YouTube,APAC,2025-06-16,5884,1165032
C00716,M0001,Instagram,APAC,2025-06-16,6993,1244754
C00717,M0001,TV,APAC,2025-06-16,5876,787384
C00718,M0001,Print,APAC,2025-06-16,41,4223
C00719,M0001,Search,APAC,2025-06-16,2555,462455
C00720,M0001,Display,APAC,2025-06-16,1053,203229
C00721,M0001,YouTube,North America,2025-06-23,163,24939
C00722,M0001,Instagram,North America,2025-06-23,7363,1259073
C00723,M0001,TV,North America,2025-06-23,1185,103095
C00724,M0001,Print,North America,2025-06-23,5187,995904
C00725,M0001,Search,North America,2025-06-23,1383,201918
C00726,M0001,Display,North America,2025-06-23,1980,283140
C00727,M0001,YouTube,Europe,2025-06-23,3505,466165
C00728,M0001,Instagram,Europe,2025-06-23,4346,669284
C00729,M0001,TV,Europe,2025-06-23,5720,715000
C00730,M0001,Print,Europe,2025-06-23,4682,819350
C00731,M0001,Search,Europe,2025-06-23,3697,717218
C00732,M0001,Display,Europe,2025-06-23,995,161190
C00733,M0001,YouTube,India,2025-06-23,35,3535
C00734,M0001,Instagram,India,2025-06-23,3773,739508
C00735,M0001,TV,India,2025-06-23,4263,827022
C00736,M0001,Print,India,2025-06-23,4227,405792
C00737,M0001,Search,India,2025-06-23,4164,341448
C00738,M0001,Display,India,2025-06-23,5995,923230
C00739,M0001,YouTube,LATAM,2025-06-23,1439,221606
C00740,M0001,Instagram,LATAM,2025-06-23,2903,447062
C00741,M0001,TV,LATAM,2025-06-23,6254,750480
C00742,M0001,Print,LATAM,2025-06-23,7899,1232244
C00743,M0001,Search,LATAM,2025-06-23,1451,239415
C00744,M0001,Display,LATAM,2025-06-23,4636,579500
C00745,M0001,YouTube,APAC,2025-06-23,5747,471254
C00746,M0001,Instagram,APAC,2025-06-23,2132,198276
C00747,M0001,TV,APAC,2025-06-23,4303,701389
C00748,M0001,Print,APAC,2025-06-23,7888,1411952
C00749,M0001,Search,APAC,2025-06-23,5790,1158000
C00750,M0001,Display,APAC,2025-06-23,4374,555498
C00751,M0001,YouTube,North America,2025-06-30,6022,1108048
C00752,M0001,Instagram,North America,2025-06-30,2354,369578
C00753,M0001,TV,North America,2025-06-30,4034,746290
C00754,M0001,Print,North America,2025-06-30,5743,654702
C00755,M0001,Search,North America,2025-06-30,4478,573184
C00756,M0001,Display,North America,2025-06-30,7666,1510202
C00757,M0001,YouTube,Europe,2025-06-30,3421,362626
C00758,M0001,Instagram,Europe,2025-06-30,687,106485
C00759,M0001,TV,Europe,2025-06-30,3478,292152
C00760,M0001,Print,Europe,2025-06-30,5840,601520
C00761,M0001,Search,Europe,2025-06-30,7908,664272
C00762,M0001,Display,Europe,2025-06-30,6782,725674
C00763,M0001,YouTube,India,2025-06-30,6029,1205800
C00764,M0001,Instagram,India,2025-06-30,6669,600210
C00765,M0001,TV,India,2025-06-30,848,165360
C00766,M0001,Print,India,2025-06-30,5917,674538
C00767,M0001,Search,India,2025-06-30,2676,262248
C00768,M0001,Display,India,2025-06-30,915,165615
C00769,M0001,YouTube,LATAM,2025-06-30,4189,460790
C00770,M0001,Instagram,LATAM,2025-06-30,5567,907421
C00771,M0001,TV,LATAM,2025-06-30,4647,710991
C00772,M0001,Print,LATAM,2025-06-30,1102,215992
C00773,M0001,Search,LATAM,2025-06-30,6059,666490
C00774,M0001,Display,LATAM,2025-06-30,3435,477465
C00775,M0001,YouTube,APAC,2025-06-30,3506,322552
C00776,M0001,Instagram,APAC,2025-06-30,597,106266
C00777,M0001,TV,APAC,2025-06-30,2720,437920
C00778,M0001,Print,APAC,2025-06-30,3002,498332
C00779,M0001,Search,APAC,2025-06-30,3460,515540
C00780,M0001,Display,APAC,2025-06-30,4091,793654
C00781,M0001,YouTube,North America,2025-07-07,35291,6246507
C00782,M0001,Instagram,North America,2025-07-07,32773,3441165
C00783,M0001,TV,North America,2025-07-07,50951,9782592
C00784,M0001,Print,North America,2025-07-07,54339,5216544
C00785,M0001,Search,North America,2025-07-07,80147,9537493
C00786,M0001,Display,North America,2025-07-07,48371,9045377
C00787,M0001,YouTube,Europe,2025-07-07,38813,5705511
C00788,M0001,Instagram,Europe,2025-07-07,64724,6019332
C00789,M0001,TV,Europe,2025-07-07,81287,15769678
C00790,M0001,Print,Europe,2025-07-07,66384,11019744
C00791,M0001,Search,Europe,2025-07-07,29175,5309850
C00792,M0001,Display,Europe,2025-07-07,36500,4453000
C00793,M0001,YouTube,India,2025-07-07,47527,7461739
C00794,M0001,Instagram,India,2025-07-07,82167,14790060
C00795,M0001,TV,India,2025-07-07,27169,2988590
C00796,M0001,Print,India,2025-07-07,58372,9339520
C00797,M0001,Search,India,2025-07-07,27047,2326042
C00798,M0001,Display,India,2025-07-07,23521,4116175
C00799,M0001,YouTube,LATAM,2025-07-07,34223,5270342
C00800,M0001,Instagram,LATAM,2025-07-07,59441,5171367
C00801,M0001,TV,LATAM,2025-07-07,36392,4294256
C00802,M0001,Print,LATAM,2025-07-07,35983,3814198
C00803,M0001,Search,LATAM,2025-07-07,24081,1950561
C00804,M0001,Display,LATAM,2025-07-07,17568,2477088
C00805,M0001,YouTube,APAC,2025-07-07,74425,12875525
C00806,M0001,Instagram,APAC,2025-07-07,23692,3222112
C00807,M0001,TV,APAC,2025-07-07,65210,12781160
C00808,M0001,Print,APAC,2025-07-07,55692,6293196
C00809,M0001,Search,APAC,2025-07-07,79050,13675650
C00810,M0001,Display,APAC,2025-07-07,31668,6206928
C00811,M0001,YouTube,North America,2025-07-14,58947,8075739
C00812,M0001,Instagram,North America,2025-07-14,36591,3842055
C00813,M0001,TV,North America,2025-07-14,54463,6426634
C00814,M0001,Print,North America,2025-07-14,59784,10521984
C00815,M0001,Search,North America,2025-07-14,70840,13813800
C00816,M0001,Display,North America,2025-07-14,25471,2827281
C00817,M0001,YouTube,Europe,2025-07-14,77077,7014007
C00818,M0001,Instagram,Europe,2025-07-14,60303,8985147
C00819,M0001,TV,Europe,2025-07-14,47477,7453889
C00820,M0001,Print,Europe,2025-07-14,18304,3367936
C00821,M0001,Search,Europe,2025-07-14,80299,11723654
C00822,M0001,Display,Europe,2025-07-14,89921,7643285
C00823,M0001,YouTube,India,2025-07-14,73498,5953338
C00824,M0001,Instagram,India,2025-07-14,84567,8202999
C00825,M0001,TV,India,2025-07-14,88603,15594128
C00826,M0001,Print,India,2025-07-14,50765,5178030
C00827,M0001,Search,India,2025-07-14,67054,10661586
C00828,M0001,Display,India,2025-07-14,24295,3206940
C00829,M0001,YouTube,LATAM,2025-07-14,37928,3223880
C00830,M0001,Instagram,LATAM,2025-07-14,82489,11218504
C00831,M0001,TV,LATAM,2025-07-14,67960,9582360
C00832,M0001,Print,LATAM,2025-07-14,58884,9303672
C00833,M0001,Search,LATAM,2025-07-14,68755,6394215
C00834,M0001,Display,LATAM,2025-07-14,32298,4134144
C00835,M0001,YouTube,APAC,2025-07-14,22635,3395250
C00836,M0001,Instagram,APAC,2025-07-14,74974,6222842
C00837,M0001,TV,APAC,2025-07-14,36200,2968400
C00838,M0001,Print,APAC,2025-07-14,34273,5175223
C00839,M0001,Search,APAC,2025-07-14,40818,3387894
C00840,M0001,Display,APAC,2025-07-14,85945,9883675
C00841,M0001,YouTube,North America,2025-07-21,77402,6966180
C00842,M0001,Instagram,North America,2025-07-21,66770,10883510
C00843,M0001,TV,North America,2025-07-21,34747,5594267
C00844,M0001,Print,North America,2025-07-21,75021,11103108
C00845,M0001,Search,North America,2025-07-21,30983,3222232
C00846,M0001,Display,North America,2025-07-21,49401,4890699
C00847,M0001,YouTube,Europe,2025-07-21,83813,14499649
C00848,M0001,Instagram,Europe,2025-07-21,65821,12769274
C00849,M0001,TV,Europe,2025-07-21,65179,5866110
C00850,M0001,Print,Europe,2025-07-21,38261,5586106
C00851,M0001,Search,Europe,2025-07-21,60829,7968599
C00852,M0001,Display,Europe,2025-07-21,59183,10179476
C00853,M0001,YouTube,India,2025-07-21,57083,10731604
C00854,M0001,Instagram,India,2025-07-21,68538,9389706
C00855,M0001,TV,India,2025-07-21,35827,3188603
C00856,M0001,Print,India,2025-07-21,55781,6526377
C00857,M0001,Search,India,2025-07-21,66145,12302970
C00858,M0001,Display,India,2025-07-21,34721,6631711
C00859,M0001,YouTube,LATAM,2025-07-21,17824,1889344
C00860,M0001,Instagram,LATAM,2025-07-21,53822,4682514
C00861,M0001,TV,LATAM,2025-07-21,75105,9838755
C00862,M0001,Print,LATAM,2025-07-21,87073,16195578
C00863,M0001,Search,LATAM,2025-07-21,59341,11215449
C00864,M0001,Display,LATAM,2025-07-21,41635,8035555
C00865,M0001,YouTube,APAC,2025-07-21,38842,7457664
C00866,M0001,Instagram,APAC,2025-07-21,29553,4166973
C00867,M0001,TV,APAC,2025-07-21,48995,6369350
C00868,M0001,Print,APAC,2025-07-21,66671,13067516
C00869,M0001,Search,APAC,2025-07-21,19863,2502738
C00870,M0001,Display,APAC,2025-07-21,84797,10514828
C00871,M0001,YouTube,North America,2025-07-28,79140,7043460
C00872,M0001,Instagram,North America,2025-07-28,44796,5375520
C00873,M0001,TV,North America,2025-07-28,18762,3564780
C00874,M0001,Print,North America,2025-07-28,57370,7343360
C00875,M0001,Search,North America,2025-07-28,54207,10570365
C00876,M0001,Display,North America,2025-07-28,17260,3434740
C00877,M0001,YouTube,Europe,2025-07-28,84138,7740696
C00878,M0001,Instagram,Europe,2025-07-28,80737,7347067
C00879,M0001,TV,Europe,2025-07-28,59104,8097248
C00880,M0001,Print,Europe,2025-07-28,32674,4770404
C00881,M0001,Search,Europe,2025-07-28,83928,11498136
C00882,M0001,Display,Europe,2025-07-28,34311,3877143
C00883,M0001,YouTube,India,2025-07-28,88909,10846898
C00884,M0001,Instagram,India,2025-07-28,30891,5900181
C00885,M0001,TV,India,2025-07-28,23982,1918560
C00886,M0001,Print,India,2025-07-28,81424,10422272
C00887,M0001,Search,India,2025-07-28,54598,8408092
C00888,M0001,Display,India,2025-07-28,44385,5281815
C00889,M0001,YouTube,LATAM,2025-07-28,82165,14871865
C00890,M0001,Instagram,LATAM,2025-07-28,64241,6038654
C00891,M0001,TV,LATAM,2025-07-28,82266,16041870
C00892,M0001,Print,LATAM,2025-07-28,44919,3997791
C00893,M0001,Search,LATAM,2025-07-28,15896,2384400
C00894,M0001,Display,LATAM,2025-07-28,87151,16558690
C00895,M0001,YouTube,APAC,2025-07-28,76828,7913284
C00896,M0001,Instagram,APAC,2025-07-28,50455,9384630
C00897,M0001,TV,APAC,2025-07-28,38418,6838404
C00898,M0001,Print,APAC,2025-07-28,74628,9179244
C00899,M0001,Search,APAC,2025-07-28,82334,13749778
C00900,M0001,Display,APAC,2025-07-28,19688,2953200
C00901,M0001,YouTube,North America,2025-08-04,40611,5360652
C00902,M0001,Instagram,North America,2025-08-04,73344,8287872
C00903,M0001,TV,North America,2025-08-04,71451,10646199
C00904,M0001,Print,North America,2025-08-04,25091,3061102
C00905,M0001,Search,North America,2025-08-04,32945,4513465
C00906,M0001,Display,North America,2025-08-04,51550,7474750
C00907,M0001,YouTube,Europe,2025-08-04,20237,2711758
C00908,M0001,Instagram,Europe,2025-08-04,83805,15001095
C00909,M0001,TV,Europe,2025-08-04,38603,5790450
C00910,M0001,Print,Europe,2025-08-04,39260,4122300
C00911,M0001,Search,Europe,2025-08-04,16956,1373436
C00912,M0001,Display,Europe,2025-08-04,80196,8821560
C00913,M0001,YouTube,India,2025-08-04,57399,5165910
C00914,M0001,Instagram,India,2025-08-04,52007,4888658
C00915,M0001,TV,India,2025-08-04,46985,8598255
C00916,M0001,Print,India,2025-08-04,52189,9863721
C00917,M0001,Search,India,2025-08-04,76980,9314580
C00918,M0001,Display,India,2025-08-04,49219,6398470
C00919,M0001,YouTube,LATAM,2025-08-04,30675,3067500
C00920,M0001,Instagram,LATAM,2025-08-04,82506,11715852
C00921,M0001,TV,LATAM,2025-08-04,73115,7530845
C00922,M0001,Print,LATAM,2025-08-04,17993,2608985
C00923,M0001,Search,LATAM,2025-08-04,39278,6441592
C00924,M0001,Display,LATAM,2025-08-04,42790,5733860
C00925,M0001,YouTube,APAC,2025-08-04,24930,4786560
C00926,M0001,Instagram,APAC,2025-08-04,51234,8914716
C00927,M0001,TV,APAC,2025-08-04,19210,2804660
C00928,M0001,Print,APAC,2025-08-04,85973,12638031
C00929,M0001,Search,APAC,2025-08-04,66655,8798460
C00930,M0001,Display,APAC,2025-08-04,39617,6853741
C00931,M0001,YouTube,North America,2025-08-11,87105,7665240
C00932,M0001,Instagram,North America,2025-08-11,60513,9500541
C00933,M0001,TV,North America,2025-08-11,78599,10610865
C00934,M0001,Print,North America,2025-08-11,17076,2817540
C00935,M0001,Search,North America,2025-08-11,23610,2762370
C00936,M0001,Display,North America,2025-08-11,49501,5247106
C00937,M0001,YouTube,Europe,2025-08-11,61435,11856955
C00938,M0001,Instagram,Europe,2025-08-11,27084,2735484
C00939,M0001,TV,Europe,2025-08-11,78969,10739784
C00940,M0001,Print,Europe,2025-08-11,47404,8769740
C00941,M0001,Search,Europe,2025-08-11,63244,7526036
C00942,M0001,Display,Europe,2025-08-11,89293,11875969
C00943,M0001,YouTube,India,2025-08-11,69232,11007888
C00944,M0001,Instagram,India,2025-08-11,82128,11497920
C00945,M0001,TV,India,2025-08-11,62591,10515288
C00946,M0001,Print,India,2025-08-11,22124,3451344
C00947,M0001,Search,India,2025-08-11,33022,4259838
C00948,M0001,Display,India,2025-08-11,49533,6587889
C00949,M0001,YouTube,LATAM,2025-08-11,65587,6689874
C00950,M0001,Instagram,LATAM,2025-08-11,68073,12797724
C00951,M0001,TV,LATAM,2025-08-11,49691,6360448
C00952,M0001,Print,LATAM,2025-08-11,44524,7390984
C00953,M0001,Search,LATAM,2025-08-11,69530,5701460
C00954,M0001,Display,LATAM,2025-08-11,62763,6276300
C00955,M0001,YouTube,APAC,2025-08-11,62823,10617087
C00956,M0001,Instagram,APAC,2025-08-11,33311,5163205
C00957,M0001,TV,APAC,2025-08-11,30306,4273146
C00958,M0001,Print,APAC,2025-08-11,39791,4934084
C00959,M0001,Search,APAC,2025-08-11,62017,9736669
C00960,M0001,Display,APAC,2025-08-11,68403,13064973
C00961,M0001,YouTube,North America,2025-08-18,35388,6546780
C00962,M0001,Instagram,North America,2025-08-18,69533,10012752
C00963,M0001,TV,North America,2025-08-18,33258,5786892
C00964,M0001,Print,North America,2025-08-18,71414,6712916
C00965,M0001,Search,North America,2025-08-18,30896,5406800
C00966,M0001,Display,North America,2025-08-18,40424,6144448
C00967,M0001,YouTube,Europe,2025-08-18,80524,10387596
C00968,M0001,Instagram,Europe,2025-08-18,57231,10358811
C00969,M0001,TV,Europe,2025-08-18,37046,3260048
C00970,M0001,Print,Europe,2025-08-18,17610,3345900
C00971,M0001,Search,Europe,2025-08-18,81909,13187349
C00972,M0001,Display,Europe,2025-08-18,55573,9336264
C00973,M0001,YouTube,India,2025-08-18,51807,4921665
C00974,M0001,Instagram,India,2025-08-18,42731,8161621
C00975,M0001,TV,India,2025-08-18,19837,1983700
C00976,M0001,Print,India,2025-08-18,33945,5023860
C00977,M0001,Search,India,2025-08-18,66834,8822088
C00978,M0001,Display,India,2025-08-18,58939,11257349
C00979,M0001,YouTube,LATAM,2025-08-18,73720,10541960
C00980,M0001,Instagram,LATAM,2025-08-18,89987,10168531
C00981,M0001,TV,LATAM,2025-08-18,54146,6768250
C00982,M0001,Print,LATAM,2025-08-18,26282,3074994
C00983,M0001,Search,LATAM,2025-08-18,67275,9956700
C00984,M0001,Display,LATAM,2025-08-18,73227,14059584
C00985,M0001,YouTube,APAC,2025-08-18,21973,2219273
C00986,M0001,Instagram,APAC,2025-08-18,45093,6448299
C00987,M0001,TV,APAC,2025-08-18,61331,11407566
C00988,M0001,Print,APAC,2025-08-18,32502,6012870
C00989,M0001,Search,APAC,2025-08-18,20483,2376028
C00990,M0001,Display,APAC,2025-08-18,51199,8550233
C00991,M0001,YouTube,North America,2025-08-25,33219,3122586
C00992,M0001,Instagram,North America,2025-08-25,67211,8334164
C00993,M0001,TV,North America,2025-08-25,72122,7356444
C00994,M0001,Print,North America,2025-08-25,89803,11225375
C00995,M0001,Search,North America,2025-08-25,50055,4755225
C00996,M0001,Display,North America,2025-08-25,52334,5809074
C00997,M0001,YouTube,Europe,2025-08-25,43529,3612907
C00998,M0001,Instagram,Europe,2025-08-25,20035,1763080
C00999,M0001,TV,Europe,2025-08-25,41900,7123000
C01000,M0001,Print,Europe,2025-08-25,36314,5991810
C01001,M0001,Search,Europe,2025-08-25,15919,2515202
C01002,M0001,Display,Europe,2025-08-25,46015,6442100
C01003,M0001,YouTube,India,2025-08-25,82875,16409250
C01004,M0001,Instagram,India,2025-08-25,18891,2342484
C01005,M0001,TV,India,2025-08-25,62866,6600930
C01006,M0001,Print,India,2025-08-25,89980,11517440
C01007,M0001,Search,India,2025-08-25,76889,15070244
C01008,M0001,Display,India,2025-08-25,76433,7796166
C01009,M0001,YouTube,LATAM,2025-08-25,20171,3590438
C01010,M0001,Instagram,LATAM,2025-08-25,24242,2521168
C01011,M0001,TV,LATAM,2025-08-25,24566,2235506
C01012,M0001,Print,LATAM,2025-08-25,25869,2638638
C01013,M0001,Search,LATAM,2025-08-25,27006,2727606
C01014,M0001,Display,LATAM,2025-08-25,43811,6965949
C01015,M0001,YouTube,APAC,2025-08-25,20196,3615084
C01016,M0001,Instagram,APAC,2025-08-25,75975,15119025
C01017,M0001,TV,APAC,2025-08-25,55810,10994570
C01018,M0001,Print,APAC,2025-08-25,27784,4167600
C01019,M0001,Search,APAC,2025-08-25,30249,2813157
C01020,M0001,Display,APAC,2025-08-25,60688,8435632
C01021,M0001,YouTube,North America,2025-09-01,29990,2699100
C01022,M0001,Instagram,North America,2025-09-01,75331,6553797
C01023,M0001,TV,North America,2025-09-01,53360,6563280
C01024,M0001,Print,North America,2025-09-01,83029,12288292
C01025,M0001,Search,North America,2025-09-01,46626,5874876
C01026,M0001,Display,North America,2025-09-01,57379,8319955
C01027,M0001,YouTube,Europe,2025-09-01,32434,6000290
C01028,M0001,Instagram,Europe,2025-09-01,80760,9448920
C01029,M0001,TV,Europe,2025-09-01,44380,7233940
C01030,M0001,Print,Europe,2025-09-01,72661,7556744
C01031,M0001,Search,Europe,2025-09-01,76539,11480850
C01032,M0001,Display,Europe,2025-09-01,67152,7252416
C01033,M0001,YouTube,India,2025-09-01,78098,15541502
C01034,M0001,Instagram,India,2025-09-01,48577,7529435
C01035,M0001,TV,India,2025-09-01,28265,4748520
C01036,M0001,Print,India,2025-09-01,22924,2590412
C01037,M0001,Search,India,2025-09-01,39428,5677632
C01038,M0001,Display,India,2025-09-01,61701,7342419
C01039,M0001,YouTube,LATAM,2025-09-01,71151,7115100
C01040,M0001,Instagram,LATAM,2025-09-01,74054,14662692
C01041,M0001,TV,LATAM,2025-09-01,81996,10659480
C01042,M0001,Print,LATAM,2025-09-01,50051,5105202
C01043,M0001,Search,LATAM,2025-09-01,59352,10802064
C01044,M0001,Display,LATAM,2025-09-01,20746,1929378
C01045,M0001,YouTube,APAC,2025-09-01,51310,6875540
C01046,M0001,Instagram,APAC,2025-09-01,16522,2940916
C01047,M0001,TV,APAC,2025-09-01,63825,9382275
C01048,M0001,Print,APAC,2025-09-01,54625,8903875
C01049,M0001,Search,APAC,2025-09-01,53152,8823232
C01050,M0001,Display,APAC,2025-09-01,18380,2573200
C01051,M0001,YouTube,North America,2025-09-08,46286,3841738
C01052,M0001,Instagram,North America,2025-09-08,67583,10542948
C01053,M0001,TV,North America,2025-09-08,24806,2679048
C01054,M0001,Print,North America,2025-09-08,64922,11361350
C01055,M0001,Search,North America,2025-09-08,74314,6242376
C01056,M0001,Display,North America,2025-09-08,70247,9202357
C01057,M0001,YouTube,Europe,2025-09-08,55171,9323899
C01058,M0001,Instagram,Europe,2025-09-08,43288,3506328
C01059,M0001,TV,Europe,2025-09-08,36302,4719260
C01060,M0001,Print,Europe,2025-09-08,54750,7993500
C01061,M0001,Search,Europe,2025-09-08,86055,16092285
C01062,M0001,Display,Europe,2025-09-08,52480,7294720
C01063,M0001,YouTube,India,2025-09-08,63266,5124546
C01064,M0001,Instagram,India,2025-09-08,53311,7356918
C01065,M0001,TV,India,2025-09-08,87890,11601480
C01066,M0001,Print,India,2025-09-08,35089,5824774
C01067,M0001,Search,India,2025-09-08,40629,6013092
C01068,M0001,Display,India,2025-09-08,61459,10448030
C01069,M0001,YouTube,LATAM,2025-09-08,56393,10207133
C01070,M0001,Instagram,LATAM,2025-09-08,30915,3307905
C01071,M0001,TV,LATAM,2025-09-08,23208,3086664
C01072,M0001,Print,LATAM,2025-09-08,54199,5094706
C01073,M0001,Search,LATAM,2025-09-08,74582,9397332
C01074,M0001,Display,LATAM,2025-09-08,81588,14114724
C01075,M0001,YouTube,APAC,2025-09-08,55720,7243600
C01076,M0001,Instagram,APAC,2025-09-08,66544,11578656
C01077,M0001,TV,APAC,2025-09-08,53535,10011045
C01078,M0001,Print,APAC,2025-09-08,31697,4944732
C01079,M0001,Search,APAC,2025-09-08,66552,10581768
C01080,M0001,Display,APAC,2025-09-08,57009,6670053
C01081,M0001,YouTube,North America,2025-09-15,43932,6545868
C01082,M0001,Instagram,North America,2025-09-15,82518,11882592
C01083,M0001,TV,North America,2025-09-15,59473,9813045
C01084,M0001,Print,North America,2025-09-15,74014,6809288
C01085,M0001,Search,North America,2025-09-15,20377,2608256
C01086,M0001,Display,North America,2025-09-15,22537,4079197
C01087,M0001,YouTube,Europe,2025-09-15,25934,3423288
C01088,M0001,Instagram,Europe,2025-09-15,21098,3797640
C01089,M0001,TV,Europe,2025-09-15,72737,8728440
C01090,M0001,Print,Europe,2025-09-15,43109,5259298
C01091,M0001,Search,Europe,2025-09-15,51226,7171640
C01092,M0001,Display,Europe,2025-09-15,86146,11026688
C01093,M0001,YouTube,India,2025-09-15,65627,10894082
C01094,M0001,Instagram,India,2025-09-15,17809,2546687
C01095,M0001,TV,India,2025-09-15,88950,9250800
C01096,M0001,Print,India,2025-09-15,22382,2081526
C01097,M0001,Search,India,2025-09-15,64877,10055935
C01098,M0001,Display,India,2025-09-15,33417,3809538
C01099,M0001,YouTube,LATAM,2025-09-15,57547,11509400
C01100,M0001,Instagram,LATAM,2025-09-15,27025,3188950
C01101,M0001,TV,LATAM,2025-09-15,56279,4502320
C01102,M0001,Print,LATAM,2025-09-15,59562,7862184
C01103,M0001,Search,LATAM,2025-09-15,43115,7631355
C01104,M0001,Display,LATAM,2025-09-15,74986,7198656
C01105,M0001,YouTube,APAC,2025-09-15,53567,9267091
C01106,M0001,Instagram,APAC,2025-09-15,64069,7752349
C01107,M0001,TV,APAC,2025-09-15,72501,11672661
C01108,M0001,Print,APAC,2025-09-15,27960,3858480
C01109,M0001,Search,APAC,2025-09-15,48189,6023625
C01110,M0001,Display,APAC,2025-09-15,31236,2842476
C01111,M0001,YouTube,North America,2025-09-22,23137,4465441
C01112,M0001,Instagram,North America,2025-09-22,19126,2027356
C01113,M0001,TV,North America,2025-09-22,72884,7944356
C01114,M0001,Print,North America,2025-09-22,57849,6479088
C01115,M0001,Search,North America,2025-09-22,19400,3259200
C01116,M0001,Display,North America,2025-09-22,36154,5712332
C01117,M0001,YouTube,Europe,2025-09-22,29008,4177152
C01118,M0001,Instagram,Europe,2025-09-22,53729,5695274
C01119,M0001,TV,Europe,2025-09-22,39239,6513674
C01120,M0001,Print,Europe,2025-09-22,60629,10306930
C01121,M0001,Search,Europe,2025-09-22,55953,11078694
C01122,M0001,Display,Europe,2025-09-22,73723,9731436
C01123,M0001,YouTube,India,2025-09-22,70624,7344896
C01124,M0001,Instagram,India,2025-09-22,29496,5456760
C01125,M0001,TV,India,2025-09-22,87912,12483504
C01126,M0001,Print,India,2025-09-22,21843,3560409
C01127,M0001,Search,India,2025-09-22,51688,7029568
C01128,M0001,Display,India,2025-09-22,20468,1903524
C01129,M0001,YouTube,LATAM,2025-09-22,35994,5471088
C01130,M0001,Instagram,LATAM,2025-09-22,41953,7132010
C01131,M0001,TV,LATAM,2025-09-22,64133,8209024
C01132,M0001,Print,LATAM,2025-09-22,70673,14063927
C01133,M0001,Search,LATAM,2025-09-22,81874,9169888
C01134,M0001,Display,LATAM,2025-09-22,49096,5793328
C01135,M0001,YouTube,APAC,2025-09-22,85075,15909025
C01136,M0001,Instagram,APAC,2025-09-22,62568,10949400
C01137,M0001,TV,APAC,2025-09-22,21200,2183600
C01138,M0001,Print,APAC,2025-09-22,30695,5095370
C01139,M0001,Search,APAC,2025-09-22,16059,2087670
C01140,M0001,Display,APAC,2025-09-22,39645,4321305
C01141,M0001,YouTube,North America,2025-09-29,73521,7352100
C01142,M0001,Instagram,North America,2025-09-29,77206,8261042
C01143,M0001,TV,North America,2025-09-29,79726,12995338
C01144,M0001,Print,North America,2025-09-29,87576,15500952
C01145,M0001,Search,North America,2025-09-29,64757,12303830
C01146,M0001,Display,North America,2025-09-29,76971,13700838
C01147,M0001,YouTube,Europe,2025-09-29,31180,3429800
C01148,M0001,Instagram,Europe,2025-09-29,88054,8189022
C01149,M0001,TV,Europe,2025-09-29,31208,4431536
C01150,M0001,Print,Europe,2025-09-29,57319,8712488
C01151,M0001,Search,Europe,2025-09-29,87963,15657414
C01152,M0001,Display,Europe,2025-09-29,18433,3262641
C01153,M0001,YouTube,India,2025-09-29,88005,13904790
C01154,M0001,Instagram,India,2025-09-29,52119,7088184
C01155,M0001,TV,India,2025-09-29,24793,4115638
C01156,M0001,Print,India,2025-09-29,40879,5763939
C01157,M0001,Search,India,2025-09-29,78060,6791220
C01158,M0001,Display,India,2025-09-29,64080,10316880
C01159,M0001,YouTube,LATAM,2025-09-29,66540,5655900
C01160,M0001,Instagram,LATAM,2025-09-29,89219,8029710
C01161,M0001,TV,LATAM,2025-09-29,25526,3956530
C01162,M0001,Print,LATAM,2025-09-29,57978,10725930
C01163,M0001,Search,LATAM,2025-09-29,53566,6695750
C01164,M0001,Display,LATAM,2025-09-29,21293,2746797
C01165,M0001,YouTube,APAC,2025-09-29,36038,4252484
C01166,M0001,Instagram,APAC,2025-09-29,89911,15914247
C01167,M0001,TV,APAC,2025-09-29,70785,13307580
C01168,M0001,Print,APAC,2025-09-29,16505,3185465
C01169,M0001,Search,APAC,2025-09-29,36155,3832430
C01170,M0001,Display,APAC,2025-09-29,75330,8964270
C01171,M0001,YouTube,North America,2025-10-06,2152,370144
C01172,M0001,Instagram,North America,2025-10-06,4344,408336
C01173,M0001,TV,North America,2025-10-06,4284,856800
C01174,M0001,Print,North America,2025-10-06,7774,1344902
C01175,M0001,Search,North America,2025-10-06,352,40128
C01176,M0001,Display,North America,2025-10-06,6363,1005354
C01177,M0001,YouTube,Europe,2025-10-06,3080,360360
C01178,M0001,Instagram,Europe,2025-10-06,2958,452574
C01179,M0001,TV,Europe,2025-10-06,4518,826794
C01180,M0001,Print,Europe,2025-10-06,1379,262010
C01181,M0001,Search,Europe,2025-10-06,2045,282210
C01182,M0001,Display,Europe,2025-10-06,5659,543264
C01183,M0001,YouTube,India,2025-10-06,7049,1275869
C01184,M0001,Instagram,India,2025-10-06,1972,280024
C01185,M0001,TV,India,2025-10-06,6661,732710
C01186,M0001,Print,India,2025-10-06,867,72828
C01187,M0001,Search,India,2025-10-06,1047,201024
C01188,M0001,Display,India,2025-10-06,1820,360360
C01189,M0001,YouTube,LATAM,2025-10-06,3157,539847
C01190,M0001,Instagram,LATAM,2025-10-06,3989,394911
C01191,M0001,TV,LATAM,2025-10-06,3549,709800
C01192,M0001,Print,LATAM,2025-10-06,6231,1003191
C01193,M0001,Search,LATAM,2025-10-06,651,101556
C01194,M0001,Display,LATAM,2025-10-06,7035,942690
C01195,M0001,YouTube,APAC,2025-10-06,4031,560309
C01196,M0001,Instagram,APAC,2025-10-06,3527,426767
C01197,M0001,TV,APAC,2025-10-06,3741,733236
C01198,M0001,Print,APAC,2025-10-06,7082,1175612
C01199,M0001,Search,APAC,2025-10-06,5328,538128
C01200,M0001,Display,APAC,2025-10-06,2747,414797
C01201,M0001,YouTube,North America,2025-10-13,6833,778962
C01202,M0001,Instagram,North America,2025-10-13,5085,630540
C01203,M0001,TV,North America,2025-10-13,2696,523024
C01204,M0001,Print,North America,2025-10-13,5460,993720
C01205,M0001,Search,North America,2025-10-13,4831,884073
C01206,M0001,Display,North America,2025-10-13,2935,375680
C01207,M0001,YouTube,Europe,2025-10-13,7415,1364360
C01208,M0001,Instagram,Europe,2025-10-13,855,114570
C01209,M0001,TV,Europe,2025-10-13,4083,800268
C01210,M0001,Print,Europe,2025-10-13,7084,1069684
C01211,M0001,Search,Europe,2025-10-13,1565,245705
C01212,M0001,Display,Europe,2025-10-13,2202,226806
C01213,M0001,YouTube,India,2025-10-13,4593,744066
C01214,M0001,Instagram,India,2025-10-13,1252,128956
C01215,M0001,TV,India,2025-10-13,5681,556738
C01216,M0001,Print,India,2025-10-13,2608,312960
C01217,M0001,Search,India,2025-10-13,5512,997672
C01218,M0001,Display,India,2025-10-13,4418,879182
C01219,M0001,YouTube,LATAM,2025-10-13,4977,482769
C01220,M0001,Instagram,LATAM,2025-10-13,7153,1137327
C01221,M0001,TV,LATAM,2025-10-13,1396,188460
C01222,M0001,Print,LATAM,2025-10-13,7993,1454726
C01223,M0001,Search,LATAM,2025-10-13,4049,562811
C01224,M0001,Display,LATAM,2025-10-13,7760,1458880
C01225,M0001,YouTube,APAC,2025-10-13,4277,812630
C01226,M0001,Instagram,APAC,2025-10-13,5913,739125
C01227,M0001,TV,APAC,2025-10-13,3348,468720
C01228,M0001,Print,APAC,2025-10-13,7606,1003992
C01229,M0001,Search,APAC,2025-10-13,2412,407628
C01230,M0001,Display,APAC,2025-10-13,6259,632159
C01231,M0001,YouTube,North America,2025-10-20,1394,234192
C01232,M0001,Instagram,North America,2025-10-20,57,6897
C01233,M0001,TV,North America,2025-10-20,7574,1302728
C01234,M0001,Print,North America,2025-10-20,7997,991628
C01235,M0001,Search,North America,2025-10-20,4924,915864
C01236,M0001,Display,North America,2025-10-20,3244,424964
C01237,M0001,YouTube,Europe,2025-10-20,2259,347886
C01238,M0001,Instagram,Europe,2025-10-20,2219,392763
C01239,M0001,TV,Europe,2025-10-20,5517,904788
C01240,M0001,Print,Europe,2025-10-20,4881,917628
C01241,M0001,Search,Europe,2025-10-20,6724,591712
C01242,M0001,Display,Europe,2025-10-20,4758,599508
C01243,M0001,YouTube,India,2025-10-20,746,129058
C01244,M0001,Instagram,India,2025-10-20,7328,1201792
C01245,M0001,TV,India,2025-10-20,3431,384272
C01246,M0001,Print,India,2025-10-20,4824,723600
C01247,M0001,Search,India,2025-10-20,6086,833782
C01248,M0001,Display,India,2025-10-20,7792,1527232
C01249,M0001,YouTube,LATAM,2025-10-20,7197,1410612
C01250,M0001,Instagram,LATAM,2025-10-20,3600,334800
C01251,M0001,TV,LATAM,2025-10-20,110,17930
C01252,M0001,Print,LATAM,2025-10-20,5440,832320
C01253,M0001,Search,LATAM,2025-10-20,5802,835488
C01254,M0001,Display,LATAM,2025-10-20,6265,977340
C01255,M0001,YouTube,APAC,2025-10-20,3764,451680
C01256,M0001,Instagram,APAC,2025-10-20,7002,658188
C01257,M0001,TV,APAC,2025-10-20,3274,550032
C01258,M0001,Print,APAC,2025-10-20,3691,609015
C01259,M0001,Search,APAC,2025-10-20,992,120032
C01260,M0001,Display,APAC,2025-10-20,498,70716
C01261,M0001,YouTube,North America,2025-10-27,808,131704
C01262,M0001,Instagram,North America,2025-10-27,3905,343640
C01263,M0001,TV,North America,2025-10-27,3457,528921
C01264,M0001,Print,North America,2025-10-27,4030,519870
C01265,M0001,Search,North America,2025-10-27,3530,610690
C01266,M0001,Display,North America,2025-10-27,6033,898917
C01267,M0001,YouTube,Europe,2025-10-27,4131,681615
C01268,M0001,Instagram,Europe,2025-10-27,3597,550341
C01269,M0001,TV,Europe,2025-10-27,1583,297604
C01270,M0001,Print,Europe,2025-10-27,7522,1060602
C01271,M0001,Search,Europe,2025-10-27,3799,425488
C01272,M0001,Display,Europe,2025-10-27,3091,596563
C01273,M0001,YouTube,India,2025-10-27,4282,667992
C01274,M0001,Instagram,India,2025-10-27,6618,542676
C01275,M0001,TV,India,2025-10-27,5955,494265
C01276,M0001,Print,India,2025-10-27,4302,843192
C01277,M0001,Search,India,2025-10-27,768,83712
C01278,M0001,Display,India,2025-10-27,3457,615346
C01279,M0001,YouTube,LATAM,2025-10-27,3771,335619
C01280,M0001,Instagram,LATAM,2025-10-27,7220,830300
C01281,M0001,TV,LATAM,2025-10-27,6690,689070
C01282,M0001,Print,LATAM,2025-10-27,5595,727350
C01283,M0001,Search,LATAM,2025-10-27,2769,409812
C01284,M0001,Display,LATAM,2025-10-27,1705,293260
C01285,M0001,YouTube,APAC,2025-10-27,2643,399093
C01286,M0001,Instagram,APAC,2025-10-27,2486,333124
C01287,M0001,TV,APAC,2025-10-27,6388,587696
C01288,M0001,Print,APAC,2025-10-27,7515,1255005
C01289,M0001,Search,APAC,2025-10-27,1348,145584
C01290,M0001,Display,APAC,2025-10-27,2021,234436
C01291,M0001,YouTube,North America,2025-11-03,1812,206568
C01292,M0001,Instagram,North America,2025-11-03,4002,492246
C01293,M0001,TV,North America,2025-11-03,5296,963872
C01294,M0001,Print,North America,2025-11-03,6817,1165707
C01295,M0001,Search,North America,2025-11-03,5894,807478
C01296,M0001,Display,North America,2025-11-03,7204,1224680
C01297,M0001,YouTube,Europe,2025-11-03,5385,743130
C01298,M0001,Instagram,Europe,2025-11-03,1070,105930
C01299,M0001,TV,Europe,2025-11-03,1620,140940
C01300,M0001,Print,Europe,2025-11-03,2044,190092
C01301,M0001,Search,Europe,2025-11-03,2611,237601
C01302,M0001,Display,Europe,2025-11-03,1184,156288
C01303,M0001,YouTube,India,2025-11-03,2275,279825
C01304,M0001,Instagram,India,2025-11-03,4111,448099
C01305,M0001,TV,India,2025-11-03,7256,863464
C01306,M0001,Print,India,2025-11-03,5284,591808
C01307,M0001,Search,India,2025-11-03,7984,894208
C01308,M0001,Display,India,2025-11-03,2900,432100
C01309,M0001,YouTube,LATAM,2025-11-03,4042,804358
C01310,M0001,Instagram,LATAM,2025-11-03,2697,250821
C01311,M0001,TV,LATAM,2025-11-03,6348,1034724
C01312,M0001,Print,LATAM,2025-11-03,4590,459000
C01313,M0001,Search,LATAM,2025-11-03,2205,229320
C01314,M0001,Display,LATAM,2025-11-03,450,59850
C01315,M0001,YouTube,APAC,2025-11-03,940,120320
C01316,M0001,Instagram,APAC,2025-11-03,3394,515888
C01317,M0001,TV,APAC,2025-11-03,4292,622340
C01318,M0001,Print,APAC,2025-11-03,212,21836
C01319,M0001,Search,APAC,2025-11-03,3594,593010
C01320,M0001,Display,APAC,2025-11-03,2589,243366
C01321,M0001,YouTube,North America,2025-11-10,1334,164082
C01322,M0001,Instagram,North America,2025-11-10,2046,247566
C01323,M0001,TV,North America,2025-11-10,4003,760570
C01324,M0001,Print,North America,2025-11-10,6433,598269
C01325,M0001,Search,North America,2025-11-10,966,122682
C01326,M0001,Display,North America,2025-11-10,4446,862524
C01327,M0001,YouTube,Europe,2025-11-10,2630,357680
C01328,M0001,Instagram,Europe,2025-11-10,7491,1348380
C01329,M0001,TV,Europe,2025-11-10,2529,381879
C01330,M0001,Print,Europe,2025-11-10,7927,1355517
C01331,M0001,Search,Europe,2025-11-10,4545,427230
C01332,M0001,Display,Europe,2025-11-10,4646,529644
C01333,M0001,YouTube,India,2025-11-10,3901,456417
C01334,M0001,Instagram,India,2025-11-10,7183,1429417
C01335,M0001,TV,India,2025-11-10,4870,448040
C01336,M0001,Print,India,2025-11-10,6194,1133502
C01337,M0001,Search,India,2025-11-10,4486,358880
C01338,M0001,Display,India,2025-11-10,4104,767448
C01339,M0001,YouTube,LATAM,2025-11-10,7227,925056
C01340,M0001,Instagram,LATAM,2025-11-10,774,109134
C01341,M0001,TV,LATAM,2025-11-10,7349,1065605
C01342,M0001,Print,LATAM,2025-11-10,2708,222056
C01343,M0001,Search,LATAM,2025-11-10,4514,726754
C01344,M0001,Display,LATAM,2025-11-10,3400,380800
C01345,M0001,YouTube,APAC,2025-11-10,7647,757053
C01346,M0001,Instagram,APAC,2025-11-10,5664,951552
C01347,M0001,TV,APAC,2025-11-10,304,24928
C01348,M0001,Print,APAC,2025-11-10,5344,726784
C01349,M0001,Search,APAC,2025-11-10,2375,441750
C01350,M0001,Display,APAC,2025-11-10,3143,301728
C01351,M0001,YouTube,North America,2025-11-17,837,142290
C01352,M0001,Instagram,North America,2025-11-17,387,56115
C01353,M0001,TV,North America,2025-11-17,6663,912831
C01354,M0001,Print,North America,2025-11-17,4427,544521
C01355,M0001,Search,North America,2025-11-17,4123,820477
C01356,M0001,Display,North America,2025-11-17,954,81090
C01357,M0001,YouTube,Europe,2025-11-17,4399,822613
C01358,M0001,Instagram,Europe,2025-11-17,6984,1285056
C01359,M0001,TV,Europe,2025-11-17,5123,568653
C01360,M0001,Print,Europe,2025-11-17,1942,359270
C01361,M0001,Search,Europe,2025-11-17,7781,1307208
C01362,M0001,Display,Europe,2025-11-17,7886,891118
C01363,M0001,YouTube,India,2025-11-17,2206,187510
C01364,M0001,Instagram,India,2025-11-17,3270,503580
C01365,M0001,TV,India,2025-11-17,7747,1154303
C01366,M0001,Print,India,2025-11-17,7914,846798
C01367,M0001,Search,India,2025-11-17,6472,931968
C01368,M0001,Display,India,2025-11-17,6243,874020
C01369,M0001,YouTube,LATAM,2025-11-17,7110,611460
C01370,M0001,Instagram,LATAM,2025-11-17,2702,421512
C01371,M0001,TV,LATAM,2025-11-17,1024,200704
C01372,M0001,Print,LATAM,2025-11-17,7854,1460844
C01373,M0001,Search,LATAM,2025-11-17,2777,538738
C01374,M0001,Display,LATAM,2025-11-17,4841,784242
C01375,M0001,YouTube,APAC,2025-11-17,6924,872424
C01376,M0001,Instagram,APAC,2025-11-17,1996,177644
C01377,M0001,TV,APAC,2025-11-17,7781,1307208
C01378,M0001,Print,APAC,2025-11-17,4295,390845
C01379,M0001,Search,APAC,2025-11-17,6358,1029996
C01380,M0001,Display,APAC,2025-11-17,2818,312798
C01381,M0001,YouTube,North America,2025-11-24,2645,486680
C01382,M0001,Instagram,North America,2025-11-24,4902,838242
C01383,M0001,TV,North America,2025-11-24,650,60450
C01384,M0001,Print,North America,2025-11-24,7515,1172340
C01385,M0001,Search,North America,2025-11-24,2462,401306
C01386,M0001,Display,North America,2025-11-24,7940,1373620
C01387,M0001,YouTube,Europe,2025-11-24,4410,396900
C01388,M0001,Instagram,Europe,2025-11-24,1075,191350
C01389,M0001,TV,Europe,2025-11-24,3033,400356
C01390,M0001,Print,Europe,2025-11-24,1942,225272
C01391,M0001,Search,Europe,2025-11-24,6904,1070120
C01392,M0001,Display,Europe,2025-11-24,7385,1255450
C01393,M0001,YouTube,India,2025-11-24,5496,780432
C01394,M0001,Instagram,India,2025-11-24,2358,360774
C01395,M0001,TV,India,2025-11-24,7477,1009395
C01396,M0001,Print,India,2025-11-24,335,56950
C01397,M0001,Search,India,2025-11-24,5944,517128
C01398,M0001,Display,India,2025-11-24,5982,1016940
C01399,M0001,YouTube,LATAM,2025-11-24,4052,380888
C01400,M0001,Instagram,LATAM,2025-11-24,4568,758288
C01401,M0001,TV,LATAM,2025-11-24,1525,260775
C01402,M0001,Print,LATAM,2025-11-24,6957,1050507
C01403,M0001,Search,LATAM,2025-11-24,1685,212310
C01404,M0001,Display,LATAM,2025-11-24,5589,536544
C01405,M0001,YouTube,APAC,2025-11-24,3018,325944
C01406,M0001,Instagram,APAC,2025-11-24,7637,969899
C01407,M0001,TV,APAC,2025-11-24,7916,1274476
C01408,M0001,Print,APAC,2025-11-24,2085,379470
C01409,M0001,Search,APAC,2025-11-24,7823,1134335
C01410,M0001,Display,APAC,2025-11-24,1059,157791
C01411,M0063,Display,LATAM,2025-08-04,4281,667836
C01412,M0063,TV,North America,2025-08-04,17606,3345140
C01413,M0063,Search,North America,2025-02-17,16877,1637069
C01414,M0063,YouTube,LATAM,2025-02-17,17289,2074680
C01415,M0063,Print,North America,2025-05-19,18039,2345070
C01416,M0063,Instagram,Europe,2025-05-19,6777,820017
C01417,M0063,TV,APAC,2025-09-08,18886,1869714
C01418,M0063,TV,Europe,2025-09-08,18500,2719500
C01419,M0063,Search,Europe,2025-07-14,7723,764577
C01420,M0063,Display,LATAM,2025-07-14,14427,2394882
C01421,M0063,Search,India,2025-04-21,6452,825856
C01422,M0063,Display,Europe,2025-04-21,12772,2030748
C01423,M0063,Display,Europe,2025-08-11,4123,362824
C01424,M0063,Print,India,2025-08-11,19213,2267134
C01425,M0063,Display,APAC,2025-06-09,17165,1424695
C01426,M0063,Instagram,India,2025-06-09,15349,2394444
C01427,M0063,TV,Europe,2025-02-10,23837,3694735
C01428,M0063,YouTube,India,2025-02-10,16005,2416755
C01429,M0063,Search,India,2025-10-27,2348,403856
C01430,M0063,YouTube,North America,2025-10-27,2838,320694
C01431,M0063,Instagram,APAC,2025-03-03,13101,1362504
C01432,M0063,Search,North America,2025-03-03,9758,1707650
C01433,M0063,Instagram,North America,2025-03-31,8142,1180590
C01434,M0063,Search,India,2025-03-31,12969,2451141
C01435,M0041,Print,North America,2025-05-12,11121,900801
C01436,M0041,YouTube,India,2025-05-12,21506,3763550
C01437,M0041,YouTube,North America,2025-11-24,2658,489072
C01438,M0041,Print,APAC,2025-11-24,21125,3696875
C01439,M0041,Print,LATAM,2025-10-27,22827,4063206
C01440,M0041,Display,North America,2025-10-27,6517,951482
C01441,M0041,Search,India,2025-03-31,12212,1782952
C01442,M0041,TV,North America,2025-03-31,10283,1624714
C01443,M0041,Search,India,2025-01-20,13668,1284792
C01444,M0041,Search,Europe,2025-01-20,19715,2484090
C01445,M0041,Search,APAC,2025-09-29,22713,3452376
C01446,M0041,Search,LATAM,2025-09-29,17660,3108160
C01447,M0041,Instagram,APAC,2025-05-26,13244,1443596
C01448,M0041,Instagram,India,2025-05-26,18263,1844563
C01449,M0041,Display,LATAM,2025-05-05,6572,578336
C01450,M0041,Search,Europe,2025-05-05,13061,1475893
C01451,M0041,YouTube,Europe,2025-02-03,16727,2910498
C01452,M0041,Display,North America,2025-02-03,7736,1168136
C01453,M0041,Display,APAC,2025-04-28,17073,2578023
C01454,M0041,YouTube,Europe,2025-04-28,19419,2388537
C01455,M0041,TV,Europe,2025-02-10,18142,1542070
C01456,M0041,TV,APAC,2025-02-10,21680,2775040
C01457,M0041,Search,Europe,2025-11-17,6337,988572
C01458,M0041,YouTube,North America,2025-11-17,2072,174048
C01459,M0096,Instagram,Europe,2025-05-19,15739,3132061
C01460,M0096,Search,LATAM,2025-05-19,15861,1633683
C01461,M0096,Instagram,APAC,2025-08-18,23484,2700660
C01462,M0096,Print,India,2025-08-18,23806,2428212
C01463,M0096,Instagram,India,2025-05-05,7310,994160
C01464,M0096,Instagram,LATAM,2025-05-05,12746,1669726
C01465,M0096,TV,LATAM,2025-06-30,5844,1133736
C01466,M0096,TV,APAC,2025-06-30,10421,969153
C01467,M0096,Search,India,2025-10-13,14359,2268722
C01468,M0096,YouTube,North America,2025-10-13,14777,2423428
C01469,M0096,Search,LATAM,2025-09-08,20810,1914520
C01470,M0096,Instagram,APAC,2025-09-08,20668,3596232
C01471,M0096,TV,North America,2025-11-17,2349,211410
C01472,M0096,Print,APAC,2025-11-17,21074,3435062
C01473,M0096,Print,LATAM,2025-02-03,8818,828892
C01474,M0096,Instagram,APAC,2025-02-03,22314,2209086
C01475,M0096,Search,North America,2025-02-24,23669,2414238
C01476,M0096,Search,APAC,2025-02-24,7247,1384177
C01477,M0096,Print,Europe,2025-09-29,15995,2399250
C01478,M0096,Print,North America,2025-09-29,24439,3959118
C01479,M0096,TV,India,2025-09-01,7913,1012864
C01480,M0096,Instagram,APAC,2025-09-01,12589,2467444
C01481,M0096,TV,North America,2025-10-20,23971,3787418
C01482,M0096,Display,Europe,2025-10-20,7779,1174629
C01483,M0019,Search,Europe,2025-01-13,16917,2858973
C01484,M0019,Display,North America,2025-01-13,11272,2164224
C01485,M0019,Display,India,2025-07-21,7185,1372335
C01486,M0019,YouTube,Europe,2025-07-21,13028,1498220
C01487,M0019,TV,APAC,2025-05-19,17478,3425688
C01488,M0019,Display,North America,2025-05-19,22209,1954392
C01489,M0019,Display,LATAM,2025-10-13,14321,2692348
C01490,M0019,TV,North America,2025-10-13,3490,310610
C01491,M0019,Instagram,LATAM,2025-03-10,15849,2947914
C01492,M0019,TV,India,2025-03-10,15720,1713480
C01493,M0019,TV,LATAM,2025-05-12,18167,3270060
C01494,M0019,Instagram,India,2025-05-12,16612,1976828
C01495,M0019,TV,India,2025-11-24,4140,732780
C01496,M0019,TV,APAC,2025-11-24,9692,1618564
C01497,M0019,Instagram,LATAM,2025-05-26,13638,2713962
C01498,M0019,TV,North America,2025-05-26,18763,3283525
C01499,M0019,Print,India,2025-09-15,21081,2888097
C01500,M0019,YouTube,Europe,2025-09-15,20407,1857037
C01501,M0019,Display,APAC,2025-06-16,22013,3257924
C01502,M0019,Instagram,North America,2025-06-16,15466,2768414
C01503,M0019,Search,Europe,2025-02-03,8126,1519562
C01504,M0019,Print,North America,2025-02-03,15071,1672881
C01505,M0019,YouTube,LATAM,2025-03-24,10752,903168
C01506,M0019,Print,APAC,2025-03-24,14031,1613565
C01507,M0098,Display,LATAM,2025-10-20,12248,1090072
C01508,M0098,Search,APAC,2025-10-20,11068,1128936
C01509,M0098,Search,APAC,2025-09-15,4485,641355
C01510,M0098,Instagram,India,2025-09-15,17238,1689324
C01511,M0098,YouTube,North America,2025-01-27,22585,2281085
C01512,M0098,Instagram,LATAM,2025-01-27,3694,701860
C01513,M0098,Instagram,LATAM,2025-08-18,19518,1951800
C01514,M0098,Instagram,India,2025-08-18,14269,2753917
C01515,M0098,Search,India,2025-03-03,12021,1719003
C01516,M0098,Instagram,LATAM,2025-03-03,19250,3734500
C01517,M0098,Print,LATAM,2025-02-03,3329,382835
C01518,M0098,Instagram,Europe,2025-02-03,7113,1059837
C01519,M0098,YouTube,APAC,2025-04-28,17074,1400068
C01520,M0098,Instagram,India,2025-04-28,8198,1221502
C01521,M0098,Search,Europe,2025-08-11,24959,2221351
C01522,M0098,Display,North America,2025-08-11,12496,1961872
C01523,M0098,YouTube,North America,2025-02-24,14421,2321781
C01524,M0098,Search,APAC,2025-02-24,12221,1270984
C01525,M0098,Display,India,2025-09-22,19611,3137760
C01526,M0098,YouTube,APAC,2025-09-22,24114,3303618
C01527,M0098,Instagram,LATAM,2025-02-10,21553,3944199
C01528,M0098,Search,Europe,2025-02-10,7138,785180
C01529,M0098,Search,APAC,2025-08-04,5719,657685
C01530,M0098,Display,Europe,2025-08-04,5862,1055160
C01531,M0085,Display,Europe,2025-10-06,4429,544767
C01532,M0085,Display,North America,2025-10-06,20803,2184315
C01533,M0085,YouTube,Europe,2025-02-24,13098,2619600
C01534,M0085,Instagram,India,2025-02-24,19135,3827000
C01535,M0085,Search,India,2025-10-20,12232,1137576
C01536,M0085,Display,North America,2025-10-20,11815,1264205
C01537,M0085,Instagram,APAC,2025-11-24,6102,616302
C01538,M0085,TV,Europe,2025-11-24,22982,4596400
C01539,M0085,Print,APAC,2025-09-08,24141,3065907
C01540,M0085,Instagram,North America,2025-09-08,2353,407069
C01541,M0085,Display,India,2025-04-07,4091,531830
C01542,M0085,YouTube,North America,2025-04-07,21629,4260913
C01543,M0085,Display,LATAM,2025-06-09,3139,583854
C01544,M0085,YouTube,North America,2025-06-09,2535,415740
C01545,M0085,Instagram,North America,2025-05-12,3452,400432
C01546,M0085,Search,APAC,2025-05-12,18954,2293434
C01547,M0085,Instagram,North America,2025-09-15,5927,1049079
C01548,M0085,Instagram,India,2025-09-15,12833,1655457
C01549,M0085,Search,APAC,2025-06-02,23860,2338280
C01550,M0085,YouTube,India,2025-06-02,5479,1008136
C01551,M0085,Instagram,Europe,2025-08-04,7634,885544
C01552,M0085,Print,North America,2025-08-04,19305,1853280
C01553,M0085,Search,Europe,2025-06-30,8387,947731
C01554,M0085,TV,LATAM,2025-06-30,7573,711862
C01555,M0065,TV,India,2025-02-24,3800,592800
C01556,M0065,Search,North America,2025-02-24,13165,2277545
C01557,M0065,Display,North America,2025-07-28,18283,2559620
C01558,M0065,TV,APAC,2025-07-28,10850,1139250
C01559,M0065,Search,North America,2025-06-02,10480,1949280
C01560,M0065,Display,LATAM,2025-06-02,5647,830109
C01561,M0065,YouTube,LATAM,2025-02-17,19760,3458000
C01562,M0065,TV,North America,2025-02-17,7687,837883
C01563,M0065,TV,APAC,2025-02-10,15364,1720768
C01564,M0065,YouTube,India,2025-02-10,7983,957960
C01565,M0065,Instagram,LATAM,2025-06-16,19658,2299986
C01566,M0065,TV,APAC,2025-06-16,20876,2525996
C01567,M0065,Display,LATAM,2025-11-24,3682,441840
C01568,M0065,Display,APAC,2025-11-24,18862,1942786
C01569,M0065,Print,Europe,2025-09-08,2673,473121
C01570,M0065,YouTube,North America,2025-09-08,9696,1483488
C01571,M0065,Search,APAC,2025-05-19,15367,1813306
C01572,M0065,Instagram,LATAM,2025-05-19,4917,481866
C01573,M0065,YouTube,APAC,2025-05-12,18159,3432051
C01574,M0065,Search,LATAM,2025-05-12,15188,2931284
C01575,M0065,Print,India,2025-09-15,2759,262105
C01576,M0065,Search,LATAM,2025-09-15,19687,2441188
C01577,M0065,YouTube,LATAM,2025-03-24,24246,3345948
C01578,M0065,Display,India,2025-03-24,23203,3341232
C01579,M0043,Search,APAC,2025-10-27,7264,1307520
C01580,M0043,Search,North America,2025-10-27,4197,503640
C01581,M0043,YouTube,LATAM,2025-04-07,13429,1128036
C01582,M0043,Instagram,Europe,2025-04-07,15170,1805230
C01583,M0043,Search,North America,2025-02-24,10511,1177232
C01584,M0043,TV,LATAM,2025-02-24,18972,1916172
C01585,M0043,Search,North America,2025-03-24,2206,225012
C01586,M0043,YouTube,LATAM,2025-03-24,6536,718960
C01587,M0043,TV,India,2025-01-20,12452,1519144
C01588,M0043,Print,Europe,2025-01-20,4231,448486
C01589,M0043,YouTube,Europe,2025-01-27,15451,1637806
C01590,M0043,Search,APAC,2025-01-27,14338,2853262
C01591,M0043,Instagram,North America,2025-03-31,17015,2382100
C01592,M0043,TV,Europe,2025-03-31,5880,1140720
C01593,M0043,Instagram,APAC,2025-01-06,13163,2553622
C01594,M0043,TV,Europe,2025-01-06,17375,2606250
C01595,M0043,Instagram,India,2025-11-10,11463,1364097
C01596,M0043,Search,Europe,2025-11-10,19895,3879525
C01597,M0043,YouTube,North America,2025-11-03,21035,2313850
C01598,M0043,Search,India,2025-11-03,20069,2528694
C01599,M0043,Print,North America,2025-09-29,2657,390579
C01600,M0043,Instagram,Europe,2025-09-29,16393,2983526
C01601,M0043,Print,North America,2025-06-16,21495,3783120
C01602,M0043,TV,Europe,2025-06-16,3006,580158
C01603,M0011,Instagram,India,2025-05-26,21875,3521875
C01604,M0011,Display,APAC,2025-05-26,2564,258964
C01605,M0011,Print,Europe,2025-07-28,24821,2258711
C01606,M0011,Search,India,2025-07-28,8753,1514269
C01607,M0011,Instagram,APAC,2025-03-10,16545,2117760
C01608,M0011,Instagram,North America,2025-03-10,18661,3526929
C01609,M0011,Search,Europe,2025-09-22,2238,257370
C01610,M0011,Print,LATAM,2025-09-22,5123,794065
C01611,M0011,Print,APAC,2025-09-29,23148,3078684
C01612,M0011,Print,India,2025-09-29,14339,2122172
C01613,M0011,Display,APAC,2025-06-09,7419,764157
C01614,M0011,Instagram,Europe,2025-06-09,16074,1494882
C01615,M0011,TV,North America,2025-05-05,18325,1722550
C01616,M0011,Instagram,LATAM,2025-05-05,16274,2310908
C01617,M0011,Instagram,APAC,2025-02-10,24915,4135890
C01618,M0011,Search,Europe,2025-02-10,18906,2287626
C01619,M0011,Display,LATAM,2025-08-04,21704,3928424
C01620,M0011,YouTube,APAC,2025-08-04,12962,2475742
C01621,M0011,Search,India,2025-02-03,6166,604268
C01622,M0011,TV,Europe,2025-02-03,17635,2945045
C01623,M0011,Search,North America,2025-10-20,19488,2591904
C01624,M0011,Search,LATAM,2025-10-20,23369,3785778
C01625,M0011,Instagram,India,2025-09-01,21947,3709043
C01626,M0011,Display,North America,2025-09-01,22760,3231920
C01627,M0032,Search,North America,2025-06-30,3043,559912
C01628,M0032,TV,LATAM,2025-06-30,18673,3417159
C01629,M0032,Print,North America,2025-01-20,12782,1252636
C01630,M0032,Search,LATAM,2025-01-20,14826,2505594
C01631,M0032,YouTube,North America,2025-10-06,11064,1703856
C01632,M0032,YouTube,India,2025-10-06,12915,2505510
C01633,M0032,Display,India,2025-04-07,21321,3965706
C01634,M0032,YouTube,APAC,2025-04-07,11337,1734561
C01635,M0032,Print,APAC,2025-02-03,17344,2983168
C01636,M0032,Print,Europe,2025-02-03,2040,228480
C01637,M0032,TV,LATAM,2025-07-14,22807,4356137
C01638,M0032,Print,APAC,2025-07-14,19821,3250644
C01639,M0032,Instagram,India,2025-06-23,3431,528374
C01640,M0032,Print,APAC,2025-06-23,22946,3418954
C01641,M0032,TV,APAC,2025-10-27,22459,1931474
C01642,M0032,YouTube,Europe,2025-10-27,8820,1323000
C01643,M0032,Search,APAC,2025-06-09,9850,1822250
C01644,M0032,Search,Europe,2025-06-09,2775,446775
C01645,M0032,TV,Europe,2025-09-22,3647,667401
C01646,M0032,Instagram,North America,2025-09-22,4370,559360
C01647,M0032,YouTube,LATAM,2025-10-13,17952,2638944
C01648,M0032,Print,India,2025-10-13,24745,4181905
C01649,M0032,Instagram,Europe,2025-05-05,8737,1258128
C01650,M0032,TV,India,2025-05-05,13486,1389058
C01651,M0077,Print,LATAM,2025-03-24,9613,903622
C01652,M0077,Instagram,APAC,2025-03-24,10106,1313780
C01653,M0077,Print,Europe,2025-03-03,16105,1529975
C01654,M0077,TV,LATAM,2025-03-03,16439,2317899
C01655,M0077,Search,LATAM,2025-02-03,12411,2109870
C01656,M0077,Search,Europe,2025-02-03,21710,2214420
C01657,M0077,Search,Europe,2025-11-24,15572,2849676
C01658,M0077,Instagram,APAC,2025-11-24,9611,1037988
C01659,M0077,YouTube,North America,2025-11-03,4274,525702
C01660,M0077,Instagram,APAC,2025-11-03,9028,1263920
C01661,M0077,TV,Europe,2025-03-17,8313,1014186
C01662,M0077,Search,APAC,2025-03-17,8947,849965
C01663,M0077,Display,LATAM,2025-07-14,16517,3187781
C01664,M0077,Print,North America,2025-07-14,22800,4149600
C01665,M0077,Search,APAC,2025-09-29,2576,267904
C01666,M0077,Search,India,2025-09-29,10189,845687
C01667,M0077,TV,APAC,2025-01-20,8613,1205820
C01668,M0077,TV,India,2025-01-20,12245,1481645
C01669,M0077,YouTube,North America,2025-11-17,10908,1276236
C01670,M0077,YouTube,India,2025-11-17,3424,397184
C01671,M0077,Display,North America,2025-04-28,13701,2233263
C01672,M0077,Instagram,India,2025-04-28,17015,3198820
C01673,M0077,TV,Europe,2025-08-11,14242,1210570
C01674,M0077,TV,North America,2025-08-11,15033,1383036
C01675,M0048,TV,LATAM,2025-11-17,7766,1063942
C01676,M0048,YouTube,Europe,2025-11-17,16965,2985840
C01677,M0048,YouTube,APAC,2025-03-24,9403,1636122
C01678,M0048,Print,Europe,2025-03-24,2898,486864
C01679,M0048,Print,North America,2025-07-28,4605,501945
C01680,M0048,TV,Europe,2025-07-28,4886,600978
C01681,M0048,Display,LATAM,2025-08-04,21941,2962035
C01682,M0048,Display,Europe,2025-08-04,12807,2407716
C01683,M0048,Print,Europe,2025-06-02,4452,489720
C01684,M0048,Instagram,India,2025-06-02,6482,615790
C01685,M0048,TV,North America,2025-05-05,4378,429044
C01686,M0048,YouTube,APAC,2025-05-05,10053,1045512
C01687,M0048,Search,India,2025-01-20,22801,2599314
C01688,M0048,Search,APAC,2025-01-20,16510,2179320
C01689,M0048,TV,APAC,2025-07-07,8546,1657924
C01690,M0048,Display,Europe,2025-07-07,12260,1569280
C01691,M0048,TV,Europe,2025-05-12,3227,461461
C01692,M0048,TV,LATAM,2025-05-12,20157,3265434
C01693,M0048,Instagram,India,2025-09-29,20328,3333792
C01694,M0048,Display,APAC,2025-09-29,8868,1055292
C01695,M0048,YouTube,North America,2025-07-14,22960,1905680
C01696,M0048,Instagram,LATAM,2025-07-14,18307,3441716
C01697,M0048,Print,North America,2025-09-01,4249,815808
C01698,M0048,Instagram,APAC,2025-09-01,6190,748990
C01699,M0027,Print,North America,2025-07-28,14957,2737131
C01700,M0027,Search,India,2025-07-28,11690,1998990
C01701,M0027,Instagram,LATAM,2025-02-17,7966,1370152
C01702,M0027,Instagram,North America,2025-02-17,23414,2552126
C01703,M0027,Search,Europe,2025-05-12,8337,1292235
C01704,M0027,Instagram,LATAM,2025-05-12,18235,2862895
C01705,M0027,YouTube,India,2025-04-07,17308,3323136
C01706,M0027,TV,Europe,2025-04-07,7389,967959
C01707,M0027,Instagram,Europe,2025-08-18,24228,3609972
C01708,M0027,TV,LATAM,2025-08-18,9241,1672621
C01709,M0027,Print,APAC,2025-10-20,23003,2852372
C01710,M0027,Search,LATAM,2025-10-20,18319,2857764
C01711,M0027,Print,APAC,2025-06-09,7734,1229706
C01712,M0027,Search,Europe,2025-06-09,14855,1648905
C01713,M0027,TV,APAC,2025-02-03,3485,480930
C01714,M0027,YouTube,Europe,2025-02-03,6296,1145872
C01715,M0027,Print,India,2025-11-10,24633,2586465
C01716,M0027,Search,Europe,2025-11-10,13620,2274540
C01717,M0027,Print,Europe,2025-10-06,14103,1650051
C01718,M0027,TV,India,2025-10-06,24456,1980936
C01719,M0027,Display,North America,2025-05-19,9804,1784328
C01720,M0027,Display,APAC,2025-05-19,2991,376866
C01721,M0027,Search,LATAM,2025-01-27,20225,2406775
C01722,M0027,Instagram,North America,2025-01-27,5838,788130
C01723,M0045,Print,North America,2025-07-07,13312,1291264
C01724,M0045,Print,India,2025-07-07,23604,4579176
C01725,M0045,TV,Europe,2025-10-27,5430,792780
C01726,M0045,YouTube,India,2025-10-27,3543,414531
C01727,M0045,Display,APAC,2025-02-10,11445,927045
C01728,M0045,YouTube,India,2025-02-10,22477,3641274
C01729,M0045,TV,Europe,2025-04-14,2885,230800
C01730,M0045,Search,India,2025-04-14,22351,2615067
C01731,M0045,Search,Europe,2025-02-03,2463,371913
C01732,M0045,YouTube,India,2025-02-03,8459,1091211
C01733,M0045,Print,North America,2025-11-10,4687,674928
C01734,M0045,Print,Europe,2025-11-10,7670,882050
C01735,M0045,YouTube,LATAM,2025-09-22,5255,804015
C01736,M0045,TV,Europe,2025-09-22,20605,2699255
C01737,M0045,Instagram,India,2025-08-18,16831,1800917
C01738,M0045,Search,North America,2025-08-18,19741,2862445
C01739,M0045,Print,APAC,2025-03-10,24256,4317568
C01740,M0045,Display,India,2025-03-10,18960,3299040
C01741,M0045,Print,North America,2025-04-07,22150,4385700
C01742,M0045,TV,LATAM,2025-04-07,17088,2699904
C01743,M0045,TV,LATAM,2025-08-25,11215,2119635
C01744,M0045,TV,North America,2025-08-25,3527,641914
C01745,M0045,Search,APAC,2025-10-13,15582,2259390
C01746,M0045,Display,North America,2025-10-13,13678,1682394
C01747,M0005,Display,APAC,2025-11-03,8284,1631948
C01748,M0005,Display,Europe,2025-11-03,15993,2143062
C01749,M0005,TV,India,2025-06-09,11255,1012950
C01750,M0005,Display,LATAM,2025-06-09,21442,4031096
C01751,M0005,Instagram,LATAM,2025-06-30,23408,2715328
C01752,M0005,TV,Europe,2025-06-30,18761,2420169
C01753,M0005,Display,India,2025-07-21,10673,1697007
C01754,M0005,Display,North America,2025-07-21,6384,1200192
C01755,M0005,TV,APAC,2025-09-01,5479,838287
C01756,M0005,TV,Europe,2025-09-01,8283,952545
C01757,M0005,Search,Europe,2025-04-21,23731,1922211
C01758,M0005,Display,India,2025-04-21,4209,551379
C01759,M0005,Search,India,2025-09-08,14650,2827450
C01760,M0005,Instagram,Europe,2025-09-08,16033,2212554
C01761,M0005,Print,APAC,2025-05-12,22316,3726772
C01762,M0005,TV,North America,2025-05-12,14899,1534597
C01763,M0005,TV,Europe,2025-10-20,18006,2142714
C01764,M0005,Display,North America,2025-10-20,8261,1296977
C01765,M0005,Instagram,Europe,2025-09-22,22761,4028697
C01766,M0005,Display,India,2025-09-22,14442,1357548
C01767,M0005,Display,LATAM,2025-07-14,24143,2824731
C01768,M0005,TV,APAC,2025-07-14,21283,2192149
C01769,M0005,Instagram,LATAM,2025-08-04,12793,2098052
C01770,M0005,Display,North America,2025-08-04,18972,2807856
C01771,M0023,Search,LATAM,2025-02-17,14396,1756312
C01772,M0023,Search,India,2025-02-17,17228,2222412
C01773,M0023,Search,LATAM,2025-07-14,22648,4212528
C01774,M0023,Display,Europe,2025-07-14,9086,1726340
C01775,M0023,TV,LATAM,2025-06-16,21270,3403200
C01776,M0023,Print,APAC,2025-06-16,23233,2323300
C01777,M0023,Print,APAC,2025-03-24,2156,178948
C01778,M0023,Print,North America,2025-03-24,6104,897288
C01779,M0023,Search,Europe,2025-01-27,14751,1666863
C01780,M0023,Instagram,India,2025-01-27,18828,2993652
C01781,M0023,Instagram,India,2025-04-14,16508,2146040
C01782,M0023,Search,North America,2025-04-14,17336,2010976
C01783,M0023,Search,India,2025-11-03,12406,1637592
C01784,M0023,Search,APAC,2025-11-03,18234,2188080
C01785,M0023,TV,Europe,2025-04-07,6411,602634
C01786,M0023,TV,LATAM,2025-04-07,15432,2978376
C01787,M0023,YouTube,LATAM,2025-09-15,21263,1998722
C01788,M0023,Print,APAC,2025-09-15,22327,2054084
C01789,M0023,TV,India,2025-06-02,12550,1907600
C01790,M0023,YouTube,LATAM,2025-06-02,21833,3362282
C01791,M0023,Display,India,2025-05-26,15862,2252404
C01792,M0023,Instagram,Europe,2025-05-26,8902,1130554
C01793,M0023,Instagram,LATAM,2025-08-18,11564,2162468
C01794,M0023,Display,Europe,2025-08-18,22330,3639790
C01795,M0013,Print,APAC,2025-11-03,5727,967863
C01796,M0013,YouTube,Europe,2025-11-03,3060,253980
C01797,M0013,Instagram,APAC,2025-07-07,6879,921786
C01798,M0013,Print,Europe,2025-07-07,17750,3337000
C01799,M0013,TV,APAC,2025-07-14,9033,1743369
C01800,M0013,TV,India,2025-07-14,14300,1430000
C01801,M0013,YouTube,APAC,2025-01-13,19925,3327475
C01802,M0013,YouTube,LATAM,2025-01-13,22679,2245221
C01803,M0013,YouTube,APAC,2025-03-10,22930,4586000
C01804,M0013,Display,India,2025-03-10,18431,1824669
C01805,M0013,Print,India,2025-02-17,11303,1220724
C01806,M0013,YouTube,APAC,2025-02-17,8997,1340553
C01807,M0013,Print,LATAM,2025-08-11,9715,1855565
C01808,M0013,YouTube,APAC,2025-08-11,24179,2853122
C01809,M0013,Display,India,2025-06-30,4360,701960
C01810,M0013,TV,North America,2025-06-30,21863,2208163
C01811,M0013,YouTube,LATAM,2025-02-10,19327,2589818
C01812,M0013,TV,India,2025-02-10,20982,2958462
C01813,M0013,TV,LATAM,2025-06-23,23749,4678553
C01814,M0013,YouTube,North America,2025-06-23,2003,170255
C01815,M0013,Instagram,APAC,2025-03-24,6495,1019715
C01816,M0013,TV,India,2025-03-24,24278,2015074
C01817,M0013,TV,APAC,2025-09-01,9541,1402527
C01818,M0013,TV,LATAM,2025-09-01,7525,887950
C01819,M0089,Display,APAC,2025-05-12,21497,3332035
C01820,M0089,Print,LATAM,2025-05-12,20178,3188124
C01821,M0089,TV,India,2025-10-27,11840,1053760
C01822,M0089,YouTube,LATAM,2025-10-27,11027,1190916
C01823,M0089,YouTube,APAC,2025-02-03,3681,600003
C01824,M0089,Instagram,India,2025-02-03,22517,4053060
C01825,M0089,Search,Europe,2025-10-20,4698,554364
C01826,M0089,YouTube,LATAM,2025-10-20,16585,1426310
C01827,M0089,Instagram,India,2025-09-29,21092,2425580
C01828,M0089,Print,APAC,2025-09-29,5131,887663
C01829,M0089,Print,APAC,2025-05-26,7806,889884
C01830,M0089,Display,India,2025-05-26,15827,2073337
C01831,M0089,Display,Europe,2025-09-22,23583,2193219
C01832,M0089,Instagram,India,2025-09-22,10107,1495836
C01833,M0089,Display,Europe,2025-03-31,5766,697686
C01834,M0089,Display,LATAM,2025-03-31,10846,1290674
C01835,M0089,YouTube,Europe,2025-08-18,4355,783900
C01836,M0089,Instagram,LATAM,2025-08-18,2866,335322
C01837,M0089,Print,LATAM,2025-06-30,15017,2462788
C01838,M0089,Print,North America,2025-06-30,20697,2462943
C01839,M0089,Instagram,LATAM,2025-03-24,19341,1702008
C01840,M0089,Display,India,2025-03-24,12532,1516372
C01841,M0089,YouTube,Europe,2025-06-23,2667,437388
C01842,M0089,Print,APAC,2025-06-23,22652,4462444
C01843,M0074,Display,India,2025-02-10,9809,1618485
C01844,M0074,YouTube,LATAM,2025-02-10,8979,1714989
C01845,M0074,Instagram,LATAM,2025-10-13,16503,2310420
C01846,M0074,Display,North America,2025-10-13,10014,1952730
C01847,M0074,Instagram,LATAM,2025-08-18,14651,2021838
C01848,M0074,Instagram,APAC,2025-08-18,7443,774072
C01849,M0074,Print,LATAM,2025-03-24,24005,2136445
C01850,M0074,Display,North America,2025-03-24,23112,2842776
C01851,M0074,Search,India,2025-04-28,22216,2488192
C01852,M0074,Display,LATAM,2025-04-28,22306,2297518
C01853,M0074,Search,LATAM,2025-11-03,12490,1623700
C01854,M0074,TV,APAC,2025-11-03,24245,3660995
C01855,M0074,YouTube,North America,2025-05-05,9713,1670636
C01856,M0074,Instagram,APAC,2025-05-05,20911,2383854
C01857,M0074,YouTube,India,2025-04-07,7975,1291950
C01858,M0074,TV,Europe,2025-04-07,18014,2485932
C01859,M0074,YouTube,LATAM,2025-01-06,24958,4068154
C01860,M0074,Display,APAC,2025-01-06,6369,1146420
C01861,M0074,Print,India,2025-01-27,7857,903555
C01862,M0074,Search,LATAM,2025-01-27,13628,1676244
C01863,M0074,TV,LATAM,2025-09-29,21286,3703764
C01864,M0074,TV,APAC,2025-09-29,13926,2701644
C01865,M0074,TV,North America,2025-02-24,18819,3086316
C01866,M0074,Search,Europe,2025-02-24,17919,2956635
